/proj/teoroo/users/x_jolku/envs/macing/lib/python3.11/site-packages/e3nn/o3/_wigner.py:10: UserWarning: Environment variable TORCH_FORCE_NO_WEIGHTS_ONLY_LOAD detected, since the`weights_only` argument was not explicitly passed to `torch.load`, forcing weights_only=False.
  _Jd, _W3j_flat, _W3j_indices = torch.load(os.path.join(os.path.dirname(__file__), 'constants.pt'))
cuequivariance or cuequivariance_torch is not available. Cuequivariance acceleration will be disabled.
2026-06-10 10:30:51.220 INFO: ===========VERIFYING SETTINGS===========
2026-06-10 10:30:51.249 INFO: Cannot find MACE version, please install MACE via pip
2026-06-10 10:30:51.250 INFO: Using CPU
/proj/teoroo/users/x_jolku/envs/macing/lib/python3.11/site-packages/mace/mace/cli/run_train.py:181: UserWarning: Environment variable TORCH_FORCE_NO_WEIGHTS_ONLY_LOAD detected, since the`weights_only` argument was not explicitly passed to `torch.load`, forcing weights_only=False.
  model_foundation = torch.load(
2026-06-10 10:30:53.867 INFO: Using foundation model ../CLONE_Ce_to_La/mace_mp0_Ce_to_La_node_only.model as initial checkpoint.
2026-06-10 10:30:53.867 INFO: ===========LOADING INPUT DATA===========
2026-06-10 10:30:53.867 INFO: Using heads: ['Default']
2026-06-10 10:30:53.867 INFO: Using the key specifications to parse data:
2026-06-10 10:30:53.867 INFO: Default: KeySpecification(info_keys={'energy': 'energy', 'stress': 'stress', 'virials': 'REF_virials', 'dipole': 'dipole', 'head': 'head', 'elec_temp': 'elec_temp', 'total_charge': 'total_charge', 'polarizability': 'polarizability', 'total_spin': 'total_spin'}, arrays_keys={'forces': 'forces', 'charges': 'REF_charges'})
2026-06-10 10:30:53.868 INFO: =============    Processing head Default     ===========
2026-06-10 10:30:54.218 WARNING: Since ASE version 3.23.0b1, using energy_key 'energy' is no longer safe when communicating between MACE and ASE. We recommend using a different key, rewriting 'energy' to 'REF_energy'. You need to use --energy_key='REF_energy' to specify the chosen key name.
2026-06-10 10:30:54.219 ERROR: Failed to extract energy: The property "energy" is not available.
2026-06-10 10:30:54.219 ERROR: Failed to extract energy: The property "energy" is not available.
2026-06-10 10:30:54.219 ERROR: Failed to extract energy: The property "energy" is not available.
2026-06-10 10:30:54.219 ERROR: Failed to extract energy: The property "energy" is not available.
2026-06-10 10:30:54.219 ERROR: Failed to extract energy: The property "energy" is not available.
2026-06-10 10:30:54.219 ERROR: Failed to extract energy: The property "energy" is not available.
2026-06-10 10:30:54.219 ERROR: Failed to extract energy: The property "energy" is not available.
2026-06-10 10:30:54.219 ERROR: Failed to extract energy: The property "energy" is not available.
2026-06-10 10:30:54.219 ERROR: Failed to extract energy: The property "energy" is not available.
2026-06-10 10:30:54.219 ERROR: Failed to extract energy: The property "energy" is not available.
2026-06-10 10:30:54.220 ERROR: Failed to extract energy: The property "energy" is not available.
2026-06-10 10:30:54.220 ERROR: Failed to extract energy: The property "energy" is not available.
2026-06-10 10:30:54.220 ERROR: Failed to extract energy: The property "energy" is not available.
2026-06-10 10:30:54.220 ERROR: Failed to extract energy: The property "energy" is not available.
2026-06-10 10:30:54.220 ERROR: Failed to extract energy: The property "energy" is not available.
2026-06-10 10:30:54.220 ERROR: Failed to extract energy: The property "energy" is not available.
2026-06-10 10:30:54.221 ERROR: Failed to extract energy: The property "energy" is not available.
2026-06-10 10:30:54.221 ERROR: Failed to extract energy: The property "energy" is not available.
2026-06-10 10:30:54.221 ERROR: Failed to extract energy: The property "energy" is not available.
2026-06-10 10:30:54.221 ERROR: Failed to extract energy: The property "energy" is not available.
2026-06-10 10:30:54.222 ERROR: Failed to extract energy: The property "energy" is not available.
2026-06-10 10:30:54.222 ERROR: Failed to extract energy: The property "energy" is not available.
2026-06-10 10:30:54.222 ERROR: Failed to extract energy: The property "energy" is not available.
2026-06-10 10:30:54.223 ERROR: Failed to extract energy: The property "energy" is not available.
2026-06-10 10:30:54.223 ERROR: Failed to extract energy: The property "energy" is not available.
2026-06-10 10:30:54.223 ERROR: Failed to extract energy: The property "energy" is not available.
2026-06-10 10:30:54.223 ERROR: Failed to extract energy: The property "energy" is not available.
2026-06-10 10:30:54.223 ERROR: Failed to extract energy: The property "energy" is not available.
2026-06-10 10:30:54.223 ERROR: Failed to extract energy: The property "energy" is not available.
2026-06-10 10:30:54.223 ERROR: Failed to extract energy: The property "energy" is not available.
2026-06-10 10:30:54.223 ERROR: Failed to extract energy: The property "energy" is not available.
2026-06-10 10:30:54.223 ERROR: Failed to extract energy: The property "energy" is not available.
2026-06-10 10:30:54.223 ERROR: Failed to extract energy: The property "energy" is not available.
2026-06-10 10:30:54.223 ERROR: Failed to extract energy: The property "energy" is not available.
2026-06-10 10:30:54.223 ERROR: Failed to extract energy: The property "energy" is not available.
2026-06-10 10:30:54.224 ERROR: Failed to extract energy: The property "energy" is not available.
2026-06-10 10:30:54.224 ERROR: Failed to extract energy: The property "energy" is not available.
2026-06-10 10:30:54.224 ERROR: Failed to extract energy: The property "energy" is not available.
2026-06-10 10:30:54.224 ERROR: Failed to extract energy: The property "energy" is not available.
2026-06-10 10:30:54.224 ERROR: Failed to extract energy: The property "energy" is not available.
2026-06-10 10:30:54.224 ERROR: Failed to extract energy: The property "energy" is not available.
2026-06-10 10:30:54.225 ERROR: Failed to extract energy: The property "energy" is not available.
2026-06-10 10:30:54.225 ERROR: Failed to extract energy: The property "energy" is not available.
2026-06-10 10:30:54.225 ERROR: Failed to extract energy: The property "energy" is not available.
2026-06-10 10:30:54.225 ERROR: Failed to extract energy: The property "energy" is not available.
2026-06-10 10:30:54.225 ERROR: Failed to extract energy: The property "energy" is not available.
2026-06-10 10:30:54.225 ERROR: Failed to extract energy: The property "energy" is not available.
2026-06-10 10:30:54.225 ERROR: Failed to extract energy: The property "energy" is not available.
2026-06-10 10:30:54.225 ERROR: Failed to extract energy: The property "energy" is not available.
2026-06-10 10:30:54.225 ERROR: Failed to extract energy: The property "energy" is not available.
2026-06-10 10:30:54.225 ERROR: Failed to extract energy: The property "energy" is not available.
2026-06-10 10:30:54.225 ERROR: Failed to extract energy: The property "energy" is not available.
2026-06-10 10:30:54.226 ERROR: Failed to extract energy: The property "energy" is not available.
2026-06-10 10:30:54.226 ERROR: Failed to extract energy: The property "energy" is not available.
2026-06-10 10:30:54.226 ERROR: Failed to extract energy: The property "energy" is not available.
2026-06-10 10:30:54.226 ERROR: Failed to extract energy: The property "energy" is not available.
2026-06-10 10:30:54.226 ERROR: Failed to extract energy: The property "energy" is not available.
2026-06-10 10:30:54.226 ERROR: Failed to extract energy: The property "energy" is not available.
2026-06-10 10:30:54.226 ERROR: Failed to extract energy: The property "energy" is not available.
2026-06-10 10:30:54.226 ERROR: Failed to extract energy: The property "energy" is not available.
2026-06-10 10:30:54.226 ERROR: Failed to extract energy: The property "energy" is not available.
2026-06-10 10:30:54.226 ERROR: Failed to extract energy: The property "energy" is not available.
2026-06-10 10:30:54.226 ERROR: Failed to extract energy: The property "energy" is not available.
2026-06-10 10:30:54.226 ERROR: Failed to extract energy: The property "energy" is not available.
2026-06-10 10:30:54.226 ERROR: Failed to extract energy: The property "energy" is not available.
2026-06-10 10:30:54.226 ERROR: Failed to extract energy: The property "energy" is not available.
2026-06-10 10:30:54.226 ERROR: Failed to extract energy: The property "energy" is not available.
2026-06-10 10:30:54.226 ERROR: Failed to extract energy: The property "energy" is not available.
2026-06-10 10:30:54.226 ERROR: Failed to extract energy: The property "energy" is not available.
2026-06-10 10:30:54.226 ERROR: Failed to extract energy: The property "energy" is not available.
2026-06-10 10:30:54.226 ERROR: Failed to extract energy: The property "energy" is not available.
2026-06-10 10:30:54.227 ERROR: Failed to extract energy: The property "energy" is not available.
2026-06-10 10:30:54.227 ERROR: Failed to extract energy: The property "energy" is not available.
2026-06-10 10:30:54.227 ERROR: Failed to extract energy: The property "energy" is not available.
2026-06-10 10:30:54.227 ERROR: Failed to extract energy: The property "energy" is not available.
2026-06-10 10:30:54.227 ERROR: Failed to extract energy: The property "energy" is not available.
2026-06-10 10:30:54.227 ERROR: Failed to extract energy: The property "energy" is not available.
2026-06-10 10:30:54.227 ERROR: Failed to extract energy: The property "energy" is not available.
2026-06-10 10:30:54.227 ERROR: Failed to extract energy: The property "energy" is not available.
2026-06-10 10:30:54.227 ERROR: Failed to extract energy: The property "energy" is not available.
2026-06-10 10:30:54.227 ERROR: Failed to extract energy: The property "energy" is not available.
2026-06-10 10:30:54.228 ERROR: Failed to extract energy: The property "energy" is not available.
2026-06-10 10:30:54.228 ERROR: Failed to extract energy: The property "energy" is not available.
2026-06-10 10:30:54.228 ERROR: Failed to extract energy: The property "energy" is not available.
2026-06-10 10:30:54.228 ERROR: Failed to extract energy: The property "energy" is not available.
2026-06-10 10:30:54.228 ERROR: Failed to extract energy: The property "energy" is not available.
2026-06-10 10:30:54.228 ERROR: Failed to extract energy: The property "energy" is not available.
2026-06-10 10:30:54.228 ERROR: Failed to extract energy: The property "energy" is not available.
2026-06-10 10:30:54.228 ERROR: Failed to extract energy: The property "energy" is not available.
2026-06-10 10:30:54.228 ERROR: Failed to extract energy: The property "energy" is not available.
2026-06-10 10:30:54.228 ERROR: Failed to extract energy: The property "energy" is not available.
2026-06-10 10:30:54.228 ERROR: Failed to extract energy: The property "energy" is not available.
2026-06-10 10:30:54.228 ERROR: Failed to extract energy: The property "energy" is not available.
2026-06-10 10:30:54.228 ERROR: Failed to extract energy: The property "energy" is not available.
2026-06-10 10:30:54.228 ERROR: Failed to extract energy: The property "energy" is not available.
2026-06-10 10:30:54.228 ERROR: Failed to extract energy: The property "energy" is not available.
2026-06-10 10:30:54.229 ERROR: Failed to extract energy: The property "energy" is not available.
2026-06-10 10:30:54.229 ERROR: Failed to extract energy: The property "energy" is not available.
2026-06-10 10:30:54.229 ERROR: Failed to extract energy: The property "energy" is not available.
2026-06-10 10:30:54.229 ERROR: Failed to extract energy: The property "energy" is not available.
2026-06-10 10:30:54.229 ERROR: Failed to extract energy: The property "energy" is not available.
2026-06-10 10:30:54.229 ERROR: Failed to extract energy: The property "energy" is not available.
2026-06-10 10:30:54.229 ERROR: Failed to extract energy: The property "energy" is not available.
2026-06-10 10:30:54.229 ERROR: Failed to extract energy: The property "energy" is not available.
2026-06-10 10:30:54.229 ERROR: Failed to extract energy: The property "energy" is not available.
2026-06-10 10:30:54.229 ERROR: Failed to extract energy: The property "energy" is not available.
2026-06-10 10:30:54.229 ERROR: Failed to extract energy: The property "energy" is not available.
2026-06-10 10:30:54.229 ERROR: Failed to extract energy: The property "energy" is not available.
2026-06-10 10:30:54.229 ERROR: Failed to extract energy: The property "energy" is not available.
2026-06-10 10:30:54.229 ERROR: Failed to extract energy: The property "energy" is not available.
2026-06-10 10:30:54.229 ERROR: Failed to extract energy: The property "energy" is not available.
2026-06-10 10:30:54.229 ERROR: Failed to extract energy: The property "energy" is not available.
2026-06-10 10:30:54.229 ERROR: Failed to extract energy: The property "energy" is not available.
2026-06-10 10:30:54.229 ERROR: Failed to extract energy: The property "energy" is not available.
2026-06-10 10:30:54.229 ERROR: Failed to extract energy: The property "energy" is not available.
2026-06-10 10:30:54.229 ERROR: Failed to extract energy: The property "energy" is not available.
2026-06-10 10:30:54.229 ERROR: Failed to extract energy: The property "energy" is not available.
2026-06-10 10:30:54.229 ERROR: Failed to extract energy: The property "energy" is not available.
2026-06-10 10:30:54.229 ERROR: Failed to extract energy: The property "energy" is not available.
2026-06-10 10:30:54.229 ERROR: Failed to extract energy: The property "energy" is not available.
2026-06-10 10:30:54.245 ERROR: Failed to extract energy: The property "energy" is not available.
2026-06-10 10:30:54.245 ERROR: Failed to extract energy: The property "energy" is not available.
2026-06-10 10:30:54.245 ERROR: Failed to extract energy: The property "energy" is not available.
2026-06-10 10:30:54.245 ERROR: Failed to extract energy: The property "energy" is not available.
2026-06-10 10:30:54.245 ERROR: Failed to extract energy: The property "energy" is not available.
2026-06-10 10:30:54.245 ERROR: Failed to extract energy: The property "energy" is not available.
2026-06-10 10:30:54.245 ERROR: Failed to extract energy: The property "energy" is not available.
2026-06-10 10:30:54.245 ERROR: Failed to extract energy: The property "energy" is not available.
2026-06-10 10:30:54.245 ERROR: Failed to extract energy: The property "energy" is not available.
2026-06-10 10:30:54.245 ERROR: Failed to extract energy: The property "energy" is not available.
2026-06-10 10:30:54.245 ERROR: Failed to extract energy: The property "energy" is not available.
2026-06-10 10:30:54.245 ERROR: Failed to extract energy: The property "energy" is not available.
2026-06-10 10:30:54.245 ERROR: Failed to extract energy: The property "energy" is not available.
2026-06-10 10:30:54.245 ERROR: Failed to extract energy: The property "energy" is not available.
2026-06-10 10:30:54.245 ERROR: Failed to extract energy: The property "energy" is not available.
2026-06-10 10:30:54.245 ERROR: Failed to extract energy: The property "energy" is not available.
2026-06-10 10:30:54.246 ERROR: Failed to extract energy: The property "energy" is not available.
2026-06-10 10:30:54.246 ERROR: Failed to extract energy: The property "energy" is not available.
2026-06-10 10:30:54.246 ERROR: Failed to extract energy: The property "energy" is not available.
2026-06-10 10:30:54.246 ERROR: Failed to extract energy: The property "energy" is not available.
2026-06-10 10:30:54.246 ERROR: Failed to extract energy: The property "energy" is not available.
2026-06-10 10:30:54.246 ERROR: Failed to extract energy: The property "energy" is not available.
2026-06-10 10:30:54.247 ERROR: Failed to extract energy: The property "energy" is not available.
2026-06-10 10:30:54.247 ERROR: Failed to extract energy: The property "energy" is not available.
2026-06-10 10:30:54.247 ERROR: Failed to extract energy: The property "energy" is not available.
2026-06-10 10:30:54.247 ERROR: Failed to extract energy: The property "energy" is not available.
2026-06-10 10:30:54.247 ERROR: Failed to extract energy: The property "energy" is not available.
2026-06-10 10:30:54.247 ERROR: Failed to extract energy: The property "energy" is not available.
2026-06-10 10:30:54.247 ERROR: Failed to extract energy: The property "energy" is not available.
2026-06-10 10:30:54.247 ERROR: Failed to extract energy: The property "energy" is not available.
2026-06-10 10:30:54.247 ERROR: Failed to extract energy: The property "energy" is not available.
2026-06-10 10:30:54.247 ERROR: Failed to extract energy: The property "energy" is not available.
2026-06-10 10:30:54.247 ERROR: Failed to extract energy: The property "energy" is not available.
2026-06-10 10:30:54.247 ERROR: Failed to extract energy: The property "energy" is not available.
2026-06-10 10:30:54.247 ERROR: Failed to extract energy: The property "energy" is not available.
2026-06-10 10:30:54.247 ERROR: Failed to extract energy: The property "energy" is not available.
2026-06-10 10:30:54.247 ERROR: Failed to extract energy: The property "energy" is not available.
2026-06-10 10:30:54.247 ERROR: Failed to extract energy: The property "energy" is not available.
2026-06-10 10:30:54.247 ERROR: Failed to extract energy: The property "energy" is not available.
2026-06-10 10:30:54.247 ERROR: Failed to extract energy: The property "energy" is not available.
2026-06-10 10:30:54.247 ERROR: Failed to extract energy: The property "energy" is not available.
2026-06-10 10:30:54.247 ERROR: Failed to extract energy: The property "energy" is not available.
2026-06-10 10:30:54.248 ERROR: Failed to extract energy: The property "energy" is not available.
2026-06-10 10:30:54.248 ERROR: Failed to extract energy: The property "energy" is not available.
2026-06-10 10:30:54.248 ERROR: Failed to extract energy: The property "energy" is not available.
2026-06-10 10:30:54.248 ERROR: Failed to extract energy: The property "energy" is not available.
2026-06-10 10:30:54.249 ERROR: Failed to extract energy: The property "energy" is not available.
2026-06-10 10:30:54.249 ERROR: Failed to extract energy: The property "energy" is not available.
2026-06-10 10:30:54.249 ERROR: Failed to extract energy: The property "energy" is not available.
2026-06-10 10:30:54.249 ERROR: Failed to extract energy: The property "energy" is not available.
2026-06-10 10:30:54.249 ERROR: Failed to extract energy: The property "energy" is not available.
2026-06-10 10:30:54.249 ERROR: Failed to extract energy: The property "energy" is not available.
2026-06-10 10:30:54.249 ERROR: Failed to extract energy: The property "energy" is not available.
2026-06-10 10:30:54.249 ERROR: Failed to extract energy: The property "energy" is not available.
2026-06-10 10:30:54.249 ERROR: Failed to extract energy: The property "energy" is not available.
2026-06-10 10:30:54.249 ERROR: Failed to extract energy: The property "energy" is not available.
2026-06-10 10:30:54.249 ERROR: Failed to extract energy: The property "energy" is not available.
2026-06-10 10:30:54.249 ERROR: Failed to extract energy: The property "energy" is not available.
2026-06-10 10:30:54.288 ERROR: Failed to extract energy: The property "energy" is not available.
2026-06-10 10:30:54.288 ERROR: Failed to extract energy: The property "energy" is not available.
2026-06-10 10:30:54.288 ERROR: Failed to extract energy: The property "energy" is not available.
2026-06-10 10:30:54.288 ERROR: Failed to extract energy: The property "energy" is not available.
2026-06-10 10:30:54.288 ERROR: Failed to extract energy: The property "energy" is not available.
2026-06-10 10:30:54.288 ERROR: Failed to extract energy: The property "energy" is not available.
2026-06-10 10:30:54.288 ERROR: Failed to extract energy: The property "energy" is not available.
2026-06-10 10:30:54.288 ERROR: Failed to extract energy: The property "energy" is not available.
2026-06-10 10:30:54.288 ERROR: Failed to extract energy: The property "energy" is not available.
2026-06-10 10:30:54.288 ERROR: Failed to extract energy: The property "energy" is not available.
2026-06-10 10:30:54.288 ERROR: Failed to extract energy: The property "energy" is not available.
2026-06-10 10:30:54.288 ERROR: Failed to extract energy: The property "energy" is not available.
2026-06-10 10:30:54.288 ERROR: Failed to extract energy: The property "energy" is not available.
2026-06-10 10:30:54.288 ERROR: Failed to extract energy: The property "energy" is not available.
2026-06-10 10:30:54.288 ERROR: Failed to extract energy: The property "energy" is not available.
2026-06-10 10:30:54.288 ERROR: Failed to extract energy: The property "energy" is not available.
2026-06-10 10:30:54.288 ERROR: Failed to extract energy: The property "energy" is not available.
2026-06-10 10:30:54.288 ERROR: Failed to extract energy: The property "energy" is not available.
2026-06-10 10:30:54.288 ERROR: Failed to extract energy: The property "energy" is not available.
2026-06-10 10:30:54.288 ERROR: Failed to extract energy: The property "energy" is not available.
2026-06-10 10:30:54.288 ERROR: Failed to extract energy: The property "energy" is not available.
2026-06-10 10:30:54.288 ERROR: Failed to extract energy: The property "energy" is not available.
2026-06-10 10:30:54.289 ERROR: Failed to extract energy: The property "energy" is not available.
2026-06-10 10:30:54.289 ERROR: Failed to extract energy: The property "energy" is not available.
2026-06-10 10:30:54.289 ERROR: Failed to extract energy: The property "energy" is not available.
2026-06-10 10:30:54.289 ERROR: Failed to extract energy: The property "energy" is not available.
2026-06-10 10:30:54.289 ERROR: Failed to extract energy: The property "energy" is not available.
2026-06-10 10:30:54.289 ERROR: Failed to extract energy: The property "energy" is not available.
2026-06-10 10:30:54.289 ERROR: Failed to extract energy: The property "energy" is not available.
2026-06-10 10:30:54.289 ERROR: Failed to extract energy: The property "energy" is not available.
2026-06-10 10:30:54.289 ERROR: Failed to extract energy: The property "energy" is not available.
2026-06-10 10:30:54.289 ERROR: Failed to extract energy: The property "energy" is not available.
2026-06-10 10:30:54.289 ERROR: Failed to extract energy: The property "energy" is not available.
2026-06-10 10:30:54.289 ERROR: Failed to extract energy: The property "energy" is not available.
2026-06-10 10:30:54.289 ERROR: Failed to extract energy: The property "energy" is not available.
2026-06-10 10:30:54.289 ERROR: Failed to extract energy: The property "energy" is not available.
2026-06-10 10:30:54.289 ERROR: Failed to extract energy: The property "energy" is not available.
2026-06-10 10:30:54.289 ERROR: Failed to extract energy: The property "energy" is not available.
2026-06-10 10:30:54.289 ERROR: Failed to extract energy: The property "energy" is not available.
2026-06-10 10:30:54.289 ERROR: Failed to extract energy: The property "energy" is not available.
2026-06-10 10:30:54.290 ERROR: Failed to extract energy: The property "energy" is not available.
2026-06-10 10:30:54.290 ERROR: Failed to extract energy: The property "energy" is not available.
2026-06-10 10:30:54.290 ERROR: Failed to extract energy: The property "energy" is not available.
2026-06-10 10:30:54.290 ERROR: Failed to extract energy: The property "energy" is not available.
2026-06-10 10:30:54.290 ERROR: Failed to extract energy: The property "energy" is not available.
2026-06-10 10:30:54.290 ERROR: Failed to extract energy: The property "energy" is not available.
2026-06-10 10:30:54.290 ERROR: Failed to extract energy: The property "energy" is not available.
2026-06-10 10:30:54.290 ERROR: Failed to extract energy: The property "energy" is not available.
2026-06-10 10:30:54.290 ERROR: Failed to extract energy: The property "energy" is not available.
2026-06-10 10:30:54.290 ERROR: Failed to extract energy: The property "energy" is not available.
2026-06-10 10:30:54.290 ERROR: Failed to extract energy: The property "energy" is not available.
2026-06-10 10:30:54.290 ERROR: Failed to extract energy: The property "energy" is not available.
2026-06-10 10:30:54.290 ERROR: Failed to extract energy: The property "energy" is not available.
2026-06-10 10:30:54.290 ERROR: Failed to extract energy: The property "energy" is not available.
2026-06-10 10:30:54.290 ERROR: Failed to extract energy: The property "energy" is not available.
2026-06-10 10:30:54.290 ERROR: Failed to extract energy: The property "energy" is not available.
2026-06-10 10:30:54.290 ERROR: Failed to extract energy: The property "energy" is not available.
2026-06-10 10:30:54.290 ERROR: Failed to extract energy: The property "energy" is not available.
2026-06-10 10:30:54.290 ERROR: Failed to extract energy: The property "energy" is not available.
2026-06-10 10:30:54.290 ERROR: Failed to extract energy: The property "energy" is not available.
2026-06-10 10:30:54.290 ERROR: Failed to extract energy: The property "energy" is not available.
2026-06-10 10:30:54.290 ERROR: Failed to extract energy: The property "energy" is not available.
2026-06-10 10:30:54.290 ERROR: Failed to extract energy: The property "energy" is not available.
2026-06-10 10:30:54.290 ERROR: Failed to extract energy: The property "energy" is not available.
2026-06-10 10:30:54.290 ERROR: Failed to extract energy: The property "energy" is not available.
2026-06-10 10:30:54.291 ERROR: Failed to extract energy: The property "energy" is not available.
2026-06-10 10:30:54.291 ERROR: Failed to extract energy: The property "energy" is not available.
2026-06-10 10:30:54.291 ERROR: Failed to extract energy: The property "energy" is not available.
2026-06-10 10:30:54.291 ERROR: Failed to extract energy: The property "energy" is not available.
2026-06-10 10:30:54.291 ERROR: Failed to extract energy: The property "energy" is not available.
2026-06-10 10:30:54.291 ERROR: Failed to extract energy: The property "energy" is not available.
2026-06-10 10:30:54.291 ERROR: Failed to extract energy: The property "energy" is not available.
2026-06-10 10:30:54.292 ERROR: Failed to extract energy: The property "energy" is not available.
2026-06-10 10:30:54.292 ERROR: Failed to extract energy: The property "energy" is not available.
2026-06-10 10:30:54.292 ERROR: Failed to extract energy: The property "energy" is not available.
2026-06-10 10:30:54.292 ERROR: Failed to extract energy: The property "energy" is not available.
2026-06-10 10:30:54.292 ERROR: Failed to extract energy: The property "energy" is not available.
2026-06-10 10:30:54.292 ERROR: Failed to extract energy: The property "energy" is not available.
2026-06-10 10:30:54.292 ERROR: Failed to extract energy: The property "energy" is not available.
2026-06-10 10:30:54.292 ERROR: Failed to extract energy: The property "energy" is not available.
2026-06-10 10:30:54.292 ERROR: Failed to extract energy: The property "energy" is not available.
2026-06-10 10:30:54.292 ERROR: Failed to extract energy: The property "energy" is not available.
2026-06-10 10:30:54.292 ERROR: Failed to extract energy: The property "energy" is not available.
2026-06-10 10:30:54.292 ERROR: Failed to extract energy: The property "energy" is not available.
2026-06-10 10:30:54.292 ERROR: Failed to extract energy: The property "energy" is not available.
2026-06-10 10:30:54.292 ERROR: Failed to extract energy: The property "energy" is not available.
2026-06-10 10:30:54.292 ERROR: Failed to extract energy: The property "energy" is not available.
2026-06-10 10:30:54.292 ERROR: Failed to extract energy: The property "energy" is not available.
2026-06-10 10:30:54.293 ERROR: Failed to extract energy: The property "energy" is not available.
2026-06-10 10:30:54.293 ERROR: Failed to extract energy: The property "energy" is not available.
2026-06-10 10:30:54.293 ERROR: Failed to extract energy: The property "energy" is not available.
2026-06-10 10:30:54.293 ERROR: Failed to extract energy: The property "energy" is not available.
2026-06-10 10:30:54.293 ERROR: Failed to extract energy: The property "energy" is not available.
2026-06-10 10:30:54.293 ERROR: Failed to extract energy: The property "energy" is not available.
2026-06-10 10:30:54.293 ERROR: Failed to extract energy: The property "energy" is not available.
2026-06-10 10:30:54.293 ERROR: Failed to extract energy: The property "energy" is not available.
2026-06-10 10:30:54.293 ERROR: Failed to extract energy: The property "energy" is not available.
2026-06-10 10:30:54.293 ERROR: Failed to extract energy: The property "energy" is not available.
2026-06-10 10:30:54.293 ERROR: Failed to extract energy: The property "energy" is not available.
2026-06-10 10:30:54.293 ERROR: Failed to extract energy: The property "energy" is not available.
2026-06-10 10:30:54.293 ERROR: Failed to extract energy: The property "energy" is not available.
2026-06-10 10:30:54.293 ERROR: Failed to extract energy: The property "energy" is not available.
2026-06-10 10:30:54.293 ERROR: Failed to extract energy: The property "energy" is not available.
2026-06-10 10:30:54.293 ERROR: Failed to extract energy: The property "energy" is not available.
2026-06-10 10:30:54.293 ERROR: Failed to extract energy: The property "energy" is not available.
2026-06-10 10:30:54.293 ERROR: Failed to extract energy: The property "energy" is not available.
2026-06-10 10:30:54.293 ERROR: Failed to extract energy: The property "energy" is not available.
2026-06-10 10:30:54.293 ERROR: Failed to extract energy: The property "energy" is not available.
2026-06-10 10:30:54.293 ERROR: Failed to extract energy: The property "energy" is not available.
2026-06-10 10:30:54.293 ERROR: Failed to extract energy: The property "energy" is not available.
2026-06-10 10:30:54.293 ERROR: Failed to extract energy: The property "energy" is not available.
2026-06-10 10:30:54.295 ERROR: Failed to extract energy: The property "energy" is not available.
2026-06-10 10:30:54.295 ERROR: Failed to extract energy: The property "energy" is not available.
2026-06-10 10:30:54.295 ERROR: Failed to extract energy: The property "energy" is not available.
2026-06-10 10:30:54.295 ERROR: Failed to extract energy: The property "energy" is not available.
2026-06-10 10:30:54.295 ERROR: Failed to extract energy: The property "energy" is not available.
2026-06-10 10:30:54.295 ERROR: Failed to extract energy: The property "energy" is not available.
2026-06-10 10:30:54.295 ERROR: Failed to extract energy: The property "energy" is not available.
2026-06-10 10:30:54.295 ERROR: Failed to extract energy: The property "energy" is not available.
2026-06-10 10:30:54.295 ERROR: Failed to extract energy: The property "energy" is not available.
2026-06-10 10:30:54.295 ERROR: Failed to extract energy: The property "energy" is not available.
2026-06-10 10:30:54.295 ERROR: Failed to extract energy: The property "energy" is not available.
2026-06-10 10:30:54.295 ERROR: Failed to extract energy: The property "energy" is not available.
2026-06-10 10:30:54.295 ERROR: Failed to extract energy: The property "energy" is not available.
2026-06-10 10:30:54.295 ERROR: Failed to extract energy: The property "energy" is not available.
2026-06-10 10:30:54.295 ERROR: Failed to extract energy: The property "energy" is not available.
2026-06-10 10:30:54.295 ERROR: Failed to extract energy: The property "energy" is not available.
2026-06-10 10:30:54.295 ERROR: Failed to extract energy: The property "energy" is not available.
2026-06-10 10:30:54.295 ERROR: Failed to extract energy: The property "energy" is not available.
2026-06-10 10:30:54.295 ERROR: Failed to extract energy: The property "energy" is not available.
2026-06-10 10:30:54.295 ERROR: Failed to extract energy: The property "energy" is not available.
2026-06-10 10:30:54.295 ERROR: Failed to extract energy: The property "energy" is not available.
2026-06-10 10:30:54.295 ERROR: Failed to extract energy: The property "energy" is not available.
2026-06-10 10:30:54.295 ERROR: Failed to extract energy: The property "energy" is not available.
2026-06-10 10:30:54.296 ERROR: Failed to extract energy: The property "energy" is not available.
2026-06-10 10:30:54.296 ERROR: Failed to extract energy: The property "energy" is not available.
2026-06-10 10:30:54.296 ERROR: Failed to extract energy: The property "energy" is not available.
2026-06-10 10:30:54.296 ERROR: Failed to extract energy: The property "energy" is not available.
2026-06-10 10:30:54.296 ERROR: Failed to extract energy: The property "energy" is not available.
2026-06-10 10:30:54.296 ERROR: Failed to extract energy: The property "energy" is not available.
2026-06-10 10:30:54.296 ERROR: Failed to extract energy: The property "energy" is not available.
2026-06-10 10:30:54.296 ERROR: Failed to extract energy: The property "energy" is not available.
2026-06-10 10:30:54.296 ERROR: Failed to extract energy: The property "energy" is not available.
2026-06-10 10:30:54.296 ERROR: Failed to extract energy: The property "energy" is not available.
2026-06-10 10:30:54.296 ERROR: Failed to extract energy: The property "energy" is not available.
2026-06-10 10:30:54.296 ERROR: Failed to extract energy: The property "energy" is not available.
2026-06-10 10:30:54.296 ERROR: Failed to extract energy: The property "energy" is not available.
2026-06-10 10:30:54.296 ERROR: Failed to extract energy: The property "energy" is not available.
2026-06-10 10:30:54.296 ERROR: Failed to extract energy: The property "energy" is not available.
2026-06-10 10:30:54.296 ERROR: Failed to extract energy: The property "energy" is not available.
2026-06-10 10:30:54.296 ERROR: Failed to extract energy: The property "energy" is not available.
2026-06-10 10:30:54.296 ERROR: Failed to extract energy: The property "energy" is not available.
2026-06-10 10:30:54.296 ERROR: Failed to extract energy: The property "energy" is not available.
2026-06-10 10:30:54.297 ERROR: Failed to extract energy: The property "energy" is not available.
2026-06-10 10:30:54.298 ERROR: Failed to extract energy: The property "energy" is not available.
2026-06-10 10:30:54.298 ERROR: Failed to extract energy: The property "energy" is not available.
2026-06-10 10:30:54.298 ERROR: Failed to extract energy: The property "energy" is not available.
2026-06-10 10:30:54.298 ERROR: Failed to extract energy: The property "energy" is not available.
2026-06-10 10:30:54.298 ERROR: Failed to extract energy: The property "energy" is not available.
2026-06-10 10:30:54.298 ERROR: Failed to extract energy: The property "energy" is not available.
2026-06-10 10:30:54.298 ERROR: Failed to extract energy: The property "energy" is not available.
2026-06-10 10:30:54.298 ERROR: Failed to extract energy: The property "energy" is not available.
2026-06-10 10:30:54.298 ERROR: Failed to extract energy: The property "energy" is not available.
2026-06-10 10:30:54.298 ERROR: Failed to extract energy: The property "energy" is not available.
2026-06-10 10:30:54.298 ERROR: Failed to extract energy: The property "energy" is not available.
2026-06-10 10:30:54.298 ERROR: Failed to extract energy: The property "energy" is not available.
2026-06-10 10:30:54.298 ERROR: Failed to extract energy: The property "energy" is not available.
2026-06-10 10:30:54.298 ERROR: Failed to extract energy: The property "energy" is not available.
2026-06-10 10:30:54.298 ERROR: Failed to extract energy: The property "energy" is not available.
2026-06-10 10:30:54.298 ERROR: Failed to extract energy: The property "energy" is not available.
2026-06-10 10:30:54.298 ERROR: Failed to extract energy: The property "energy" is not available.
2026-06-10 10:30:54.299 ERROR: Failed to extract energy: The property "energy" is not available.
2026-06-10 10:30:54.299 ERROR: Failed to extract energy: The property "energy" is not available.
2026-06-10 10:30:54.299 ERROR: Failed to extract energy: The property "energy" is not available.
2026-06-10 10:30:54.299 ERROR: Failed to extract energy: The property "energy" is not available.
2026-06-10 10:30:54.299 ERROR: Failed to extract energy: The property "energy" is not available.
2026-06-10 10:30:54.299 ERROR: Failed to extract energy: The property "energy" is not available.
2026-06-10 10:30:54.299 ERROR: Failed to extract energy: The property "energy" is not available.
2026-06-10 10:30:54.299 ERROR: Failed to extract energy: The property "energy" is not available.
2026-06-10 10:30:54.299 ERROR: Failed to extract energy: The property "energy" is not available.
2026-06-10 10:30:54.299 ERROR: Failed to extract energy: The property "energy" is not available.
2026-06-10 10:30:54.299 ERROR: Failed to extract energy: The property "energy" is not available.
2026-06-10 10:30:54.299 ERROR: Failed to extract energy: The property "energy" is not available.
2026-06-10 10:30:54.299 ERROR: Failed to extract energy: The property "energy" is not available.
2026-06-10 10:30:54.299 ERROR: Failed to extract energy: The property "energy" is not available.
2026-06-10 10:30:54.299 ERROR: Failed to extract energy: The property "energy" is not available.
2026-06-10 10:30:54.299 ERROR: Failed to extract energy: The property "energy" is not available.
2026-06-10 10:30:54.299 ERROR: Failed to extract energy: The property "energy" is not available.
2026-06-10 10:30:54.299 ERROR: Failed to extract energy: The property "energy" is not available.
2026-06-10 10:30:54.299 ERROR: Failed to extract energy: The property "energy" is not available.
2026-06-10 10:30:54.299 ERROR: Failed to extract energy: The property "energy" is not available.
2026-06-10 10:30:54.299 ERROR: Failed to extract energy: The property "energy" is not available.
2026-06-10 10:30:54.299 ERROR: Failed to extract energy: The property "energy" is not available.
2026-06-10 10:30:54.299 ERROR: Failed to extract energy: The property "energy" is not available.
2026-06-10 10:30:54.299 ERROR: Failed to extract energy: The property "energy" is not available.
2026-06-10 10:30:54.300 ERROR: Failed to extract energy: The property "energy" is not available.
2026-06-10 10:30:54.300 ERROR: Failed to extract energy: The property "energy" is not available.
2026-06-10 10:30:54.300 ERROR: Failed to extract energy: The property "energy" is not available.
2026-06-10 10:30:54.300 ERROR: Failed to extract energy: The property "energy" is not available.
2026-06-10 10:30:54.300 ERROR: Failed to extract energy: The property "energy" is not available.
2026-06-10 10:30:54.300 ERROR: Failed to extract energy: The property "energy" is not available.
2026-06-10 10:30:54.301 ERROR: Failed to extract energy: The property "energy" is not available.
2026-06-10 10:30:54.301 ERROR: Failed to extract energy: The property "energy" is not available.
2026-06-10 10:30:54.301 ERROR: Failed to extract energy: The property "energy" is not available.
2026-06-10 10:30:54.301 ERROR: Failed to extract energy: The property "energy" is not available.
2026-06-10 10:30:54.301 ERROR: Failed to extract energy: The property "energy" is not available.
2026-06-10 10:30:54.301 ERROR: Failed to extract energy: The property "energy" is not available.
2026-06-10 10:30:54.301 ERROR: Failed to extract energy: The property "energy" is not available.
2026-06-10 10:30:54.301 ERROR: Failed to extract energy: The property "energy" is not available.
2026-06-10 10:30:54.301 ERROR: Failed to extract energy: The property "energy" is not available.
2026-06-10 10:30:54.301 ERROR: Failed to extract energy: The property "energy" is not available.
2026-06-10 10:30:54.301 ERROR: Failed to extract energy: The property "energy" is not available.
2026-06-10 10:30:54.301 ERROR: Failed to extract energy: The property "energy" is not available.
2026-06-10 10:30:54.301 ERROR: Failed to extract energy: The property "energy" is not available.
2026-06-10 10:30:54.301 ERROR: Failed to extract energy: The property "energy" is not available.
2026-06-10 10:30:54.301 ERROR: Failed to extract energy: The property "energy" is not available.
2026-06-10 10:30:54.301 ERROR: Failed to extract energy: The property "energy" is not available.
2026-06-10 10:30:54.301 ERROR: Failed to extract energy: The property "energy" is not available.
2026-06-10 10:30:54.301 ERROR: Failed to extract energy: The property "energy" is not available.
2026-06-10 10:30:54.301 ERROR: Failed to extract energy: The property "energy" is not available.
2026-06-10 10:30:54.301 ERROR: Failed to extract energy: The property "energy" is not available.
2026-06-10 10:30:54.301 ERROR: Failed to extract energy: The property "energy" is not available.
2026-06-10 10:30:54.301 ERROR: Failed to extract energy: The property "energy" is not available.
2026-06-10 10:30:54.301 ERROR: Failed to extract energy: The property "energy" is not available.
2026-06-10 10:30:54.301 ERROR: Failed to extract energy: The property "energy" is not available.
2026-06-10 10:30:54.301 ERROR: Failed to extract energy: The property "energy" is not available.
2026-06-10 10:30:54.302 ERROR: Failed to extract energy: The property "energy" is not available.
2026-06-10 10:30:54.302 ERROR: Failed to extract energy: The property "energy" is not available.
2026-06-10 10:30:54.302 ERROR: Failed to extract energy: The property "energy" is not available.
2026-06-10 10:30:54.302 ERROR: Failed to extract energy: The property "energy" is not available.
2026-06-10 10:30:54.302 ERROR: Failed to extract energy: The property "energy" is not available.
2026-06-10 10:30:54.302 ERROR: Failed to extract energy: The property "energy" is not available.
2026-06-10 10:30:54.302 ERROR: Failed to extract energy: The property "energy" is not available.
2026-06-10 10:30:54.302 ERROR: Failed to extract energy: The property "energy" is not available.
2026-06-10 10:30:54.302 ERROR: Failed to extract energy: The property "energy" is not available.
2026-06-10 10:30:54.302 ERROR: Failed to extract energy: The property "energy" is not available.
2026-06-10 10:30:54.302 ERROR: Failed to extract energy: The property "energy" is not available.
2026-06-10 10:30:54.302 ERROR: Failed to extract energy: The property "energy" is not available.
2026-06-10 10:30:54.303 ERROR: Failed to extract energy: The property "energy" is not available.
2026-06-10 10:30:54.303 ERROR: Failed to extract energy: The property "energy" is not available.
2026-06-10 10:30:54.303 ERROR: Failed to extract energy: The property "energy" is not available.
2026-06-10 10:30:54.303 ERROR: Failed to extract energy: The property "energy" is not available.
2026-06-10 10:30:54.303 ERROR: Failed to extract energy: The property "energy" is not available.
2026-06-10 10:30:54.303 ERROR: Failed to extract energy: The property "energy" is not available.
2026-06-10 10:30:54.303 ERROR: Failed to extract energy: The property "energy" is not available.
2026-06-10 10:30:54.303 ERROR: Failed to extract energy: The property "energy" is not available.
2026-06-10 10:30:54.303 ERROR: Failed to extract energy: The property "energy" is not available.
2026-06-10 10:30:54.303 ERROR: Failed to extract energy: The property "energy" is not available.
2026-06-10 10:30:54.303 ERROR: Failed to extract energy: The property "energy" is not available.
2026-06-10 10:30:54.303 ERROR: Failed to extract energy: The property "energy" is not available.
2026-06-10 10:30:54.303 ERROR: Failed to extract energy: The property "energy" is not available.
2026-06-10 10:30:54.303 ERROR: Failed to extract energy: The property "energy" is not available.
2026-06-10 10:30:54.303 ERROR: Failed to extract energy: The property "energy" is not available.
2026-06-10 10:30:54.303 ERROR: Failed to extract energy: The property "energy" is not available.
2026-06-10 10:30:54.303 ERROR: Failed to extract energy: The property "energy" is not available.
2026-06-10 10:30:54.303 ERROR: Failed to extract energy: The property "energy" is not available.
2026-06-10 10:30:54.303 ERROR: Failed to extract energy: The property "energy" is not available.
2026-06-10 10:30:54.303 ERROR: Failed to extract energy: The property "energy" is not available.
2026-06-10 10:30:54.304 ERROR: Failed to extract energy: The property "energy" is not available.
2026-06-10 10:30:54.304 ERROR: Failed to extract energy: The property "energy" is not available.
2026-06-10 10:30:54.304 ERROR: Failed to extract energy: The property "energy" is not available.
2026-06-10 10:30:54.304 ERROR: Failed to extract energy: The property "energy" is not available.
2026-06-10 10:30:54.304 ERROR: Failed to extract energy: The property "energy" is not available.
2026-06-10 10:30:54.304 ERROR: Failed to extract energy: The property "energy" is not available.
2026-06-10 10:30:54.304 ERROR: Failed to extract energy: The property "energy" is not available.
2026-06-10 10:30:54.304 ERROR: Failed to extract energy: The property "energy" is not available.
2026-06-10 10:30:54.304 ERROR: Failed to extract energy: The property "energy" is not available.
2026-06-10 10:30:54.304 ERROR: Failed to extract energy: The property "energy" is not available.
2026-06-10 10:30:54.304 ERROR: Failed to extract energy: The property "energy" is not available.
2026-06-10 10:30:54.304 ERROR: Failed to extract energy: The property "energy" is not available.
2026-06-10 10:30:54.304 ERROR: Failed to extract energy: The property "energy" is not available.
2026-06-10 10:30:54.304 ERROR: Failed to extract energy: The property "energy" is not available.
2026-06-10 10:30:54.304 ERROR: Failed to extract energy: The property "energy" is not available.
2026-06-10 10:30:54.304 ERROR: Failed to extract energy: The property "energy" is not available.
2026-06-10 10:30:54.304 ERROR: Failed to extract energy: The property "energy" is not available.
2026-06-10 10:30:54.304 ERROR: Failed to extract energy: The property "energy" is not available.
2026-06-10 10:30:54.304 ERROR: Failed to extract energy: The property "energy" is not available.
2026-06-10 10:30:54.304 ERROR: Failed to extract energy: The property "energy" is not available.
2026-06-10 10:30:54.304 ERROR: Failed to extract energy: The property "energy" is not available.
2026-06-10 10:30:54.304 ERROR: Failed to extract energy: The property "energy" is not available.
2026-06-10 10:30:54.320 ERROR: Failed to extract energy: The property "energy" is not available.
2026-06-10 10:30:54.320 ERROR: Failed to extract energy: The property "energy" is not available.
2026-06-10 10:30:54.320 ERROR: Failed to extract energy: The property "energy" is not available.
2026-06-10 10:30:54.320 ERROR: Failed to extract energy: The property "energy" is not available.
2026-06-10 10:30:54.320 ERROR: Failed to extract energy: The property "energy" is not available.
2026-06-10 10:30:54.320 ERROR: Failed to extract energy: The property "energy" is not available.
2026-06-10 10:30:54.320 ERROR: Failed to extract energy: The property "energy" is not available.
2026-06-10 10:30:54.320 ERROR: Failed to extract energy: The property "energy" is not available.
2026-06-10 10:30:54.320 ERROR: Failed to extract energy: The property "energy" is not available.
2026-06-10 10:30:54.320 ERROR: Failed to extract energy: The property "energy" is not available.
2026-06-10 10:30:54.320 ERROR: Failed to extract energy: The property "energy" is not available.
2026-06-10 10:30:54.320 ERROR: Failed to extract energy: The property "energy" is not available.
2026-06-10 10:30:54.320 ERROR: Failed to extract energy: The property "energy" is not available.
2026-06-10 10:30:54.320 ERROR: Failed to extract energy: The property "energy" is not available.
2026-06-10 10:30:54.320 ERROR: Failed to extract energy: The property "energy" is not available.
2026-06-10 10:30:54.320 ERROR: Failed to extract energy: The property "energy" is not available.
2026-06-10 10:30:54.321 ERROR: Failed to extract energy: The property "energy" is not available.
2026-06-10 10:30:54.321 ERROR: Failed to extract energy: The property "energy" is not available.
2026-06-10 10:30:54.321 ERROR: Failed to extract energy: The property "energy" is not available.
2026-06-10 10:30:54.321 ERROR: Failed to extract energy: The property "energy" is not available.
2026-06-10 10:30:54.321 ERROR: Failed to extract energy: The property "energy" is not available.
2026-06-10 10:30:54.321 ERROR: Failed to extract energy: The property "energy" is not available.
2026-06-10 10:30:54.321 ERROR: Failed to extract energy: The property "energy" is not available.
2026-06-10 10:30:54.321 ERROR: Failed to extract energy: The property "energy" is not available.
2026-06-10 10:30:54.321 ERROR: Failed to extract energy: The property "energy" is not available.
2026-06-10 10:30:54.321 ERROR: Failed to extract energy: The property "energy" is not available.
2026-06-10 10:30:54.321 ERROR: Failed to extract energy: The property "energy" is not available.
2026-06-10 10:30:54.321 ERROR: Failed to extract energy: The property "energy" is not available.
2026-06-10 10:30:54.321 ERROR: Failed to extract energy: The property "energy" is not available.
2026-06-10 10:30:54.321 ERROR: Failed to extract energy: The property "energy" is not available.
2026-06-10 10:30:54.321 ERROR: Failed to extract energy: The property "energy" is not available.
2026-06-10 10:30:54.321 ERROR: Failed to extract energy: The property "energy" is not available.
2026-06-10 10:30:54.321 ERROR: Failed to extract energy: The property "energy" is not available.
2026-06-10 10:30:54.321 ERROR: Failed to extract energy: The property "energy" is not available.
2026-06-10 10:30:54.321 ERROR: Failed to extract energy: The property "energy" is not available.
2026-06-10 10:30:54.321 ERROR: Failed to extract energy: The property "energy" is not available.
2026-06-10 10:30:54.321 WARNING: Since ASE version 3.23.0b1, using forces_key 'forces' is no longer safe when communicating between MACE and ASE. We recommend using a different key, rewriting 'forces' to 'REF_forces'. You need to use --forces_key='REF_forces' to specify the chosen key name.
2026-06-10 10:30:54.321 ERROR: Failed to extract forces: The property "forces" is not available.
2026-06-10 10:30:54.321 ERROR: Failed to extract forces: The property "forces" is not available.
2026-06-10 10:30:54.321 ERROR: Failed to extract forces: The property "forces" is not available.
2026-06-10 10:30:54.343 ERROR: Failed to extract forces: The property "forces" is not available.
2026-06-10 10:30:54.344 ERROR: Failed to extract forces: The property "forces" is not available.
2026-06-10 10:30:54.344 ERROR: Failed to extract forces: The property "forces" is not available.
2026-06-10 10:30:54.344 ERROR: Failed to extract forces: The property "forces" is not available.
2026-06-10 10:30:54.344 ERROR: Failed to extract forces: The property "forces" is not available.
2026-06-10 10:30:54.344 ERROR: Failed to extract forces: The property "forces" is not available.
2026-06-10 10:30:54.344 ERROR: Failed to extract forces: The property "forces" is not available.
2026-06-10 10:30:54.344 ERROR: Failed to extract forces: The property "forces" is not available.
2026-06-10 10:30:54.344 ERROR: Failed to extract forces: The property "forces" is not available.
2026-06-10 10:30:54.344 ERROR: Failed to extract forces: The property "forces" is not available.
2026-06-10 10:30:54.344 ERROR: Failed to extract forces: The property "forces" is not available.
2026-06-10 10:30:54.344 ERROR: Failed to extract forces: The property "forces" is not available.
2026-06-10 10:30:54.344 ERROR: Failed to extract forces: The property "forces" is not available.
2026-06-10 10:30:54.344 ERROR: Failed to extract forces: The property "forces" is not available.
2026-06-10 10:30:54.344 ERROR: Failed to extract forces: The property "forces" is not available.
2026-06-10 10:30:54.344 ERROR: Failed to extract forces: The property "forces" is not available.
2026-06-10 10:30:54.345 ERROR: Failed to extract forces: The property "forces" is not available.
2026-06-10 10:30:54.345 ERROR: Failed to extract forces: The property "forces" is not available.
2026-06-10 10:30:54.345 ERROR: Failed to extract forces: The property "forces" is not available.
2026-06-10 10:30:54.345 ERROR: Failed to extract forces: The property "forces" is not available.
2026-06-10 10:30:54.345 ERROR: Failed to extract forces: The property "forces" is not available.
2026-06-10 10:30:54.345 ERROR: Failed to extract forces: The property "forces" is not available.
2026-06-10 10:30:54.345 ERROR: Failed to extract forces: The property "forces" is not available.
2026-06-10 10:30:54.345 ERROR: Failed to extract forces: The property "forces" is not available.
2026-06-10 10:30:54.345 ERROR: Failed to extract forces: The property "forces" is not available.
2026-06-10 10:30:54.345 ERROR: Failed to extract forces: The property "forces" is not available.
2026-06-10 10:30:54.345 ERROR: Failed to extract forces: The property "forces" is not available.
2026-06-10 10:30:54.345 ERROR: Failed to extract forces: The property "forces" is not available.
2026-06-10 10:30:54.345 ERROR: Failed to extract forces: The property "forces" is not available.
2026-06-10 10:30:54.345 ERROR: Failed to extract forces: The property "forces" is not available.
2026-06-10 10:30:54.345 ERROR: Failed to extract forces: The property "forces" is not available.
2026-06-10 10:30:54.345 ERROR: Failed to extract forces: The property "forces" is not available.
2026-06-10 10:30:54.345 ERROR: Failed to extract forces: The property "forces" is not available.
2026-06-10 10:30:54.345 ERROR: Failed to extract forces: The property "forces" is not available.
2026-06-10 10:30:54.345 ERROR: Failed to extract forces: The property "forces" is not available.
2026-06-10 10:30:54.345 ERROR: Failed to extract forces: The property "forces" is not available.
2026-06-10 10:30:54.345 ERROR: Failed to extract forces: The property "forces" is not available.
2026-06-10 10:30:54.345 ERROR: Failed to extract forces: The property "forces" is not available.
2026-06-10 10:30:54.345 ERROR: Failed to extract forces: The property "forces" is not available.
2026-06-10 10:30:54.345 ERROR: Failed to extract forces: The property "forces" is not available.
2026-06-10 10:30:54.346 ERROR: Failed to extract forces: The property "forces" is not available.
2026-06-10 10:30:54.346 ERROR: Failed to extract forces: The property "forces" is not available.
2026-06-10 10:30:54.346 ERROR: Failed to extract forces: The property "forces" is not available.
2026-06-10 10:30:54.346 ERROR: Failed to extract forces: The property "forces" is not available.
2026-06-10 10:30:54.346 ERROR: Failed to extract forces: The property "forces" is not available.
2026-06-10 10:30:54.346 ERROR: Failed to extract forces: The property "forces" is not available.
2026-06-10 10:30:54.346 ERROR: Failed to extract forces: The property "forces" is not available.
2026-06-10 10:30:54.346 ERROR: Failed to extract forces: The property "forces" is not available.
2026-06-10 10:30:54.346 ERROR: Failed to extract forces: The property "forces" is not available.
2026-06-10 10:30:54.346 ERROR: Failed to extract forces: The property "forces" is not available.
2026-06-10 10:30:54.346 ERROR: Failed to extract forces: The property "forces" is not available.
2026-06-10 10:30:54.346 ERROR: Failed to extract forces: The property "forces" is not available.
2026-06-10 10:30:54.346 ERROR: Failed to extract forces: The property "forces" is not available.
2026-06-10 10:30:54.346 ERROR: Failed to extract forces: The property "forces" is not available.
2026-06-10 10:30:54.346 ERROR: Failed to extract forces: The property "forces" is not available.
2026-06-10 10:30:54.346 ERROR: Failed to extract forces: The property "forces" is not available.
2026-06-10 10:30:54.346 ERROR: Failed to extract forces: The property "forces" is not available.
2026-06-10 10:30:54.346 ERROR: Failed to extract forces: The property "forces" is not available.
2026-06-10 10:30:54.346 ERROR: Failed to extract forces: The property "forces" is not available.
2026-06-10 10:30:54.346 ERROR: Failed to extract forces: The property "forces" is not available.
2026-06-10 10:30:54.346 ERROR: Failed to extract forces: The property "forces" is not available.
2026-06-10 10:30:54.346 ERROR: Failed to extract forces: The property "forces" is not available.
2026-06-10 10:30:54.346 ERROR: Failed to extract forces: The property "forces" is not available.
2026-06-10 10:30:54.346 ERROR: Failed to extract forces: The property "forces" is not available.
2026-06-10 10:30:54.346 ERROR: Failed to extract forces: The property "forces" is not available.
2026-06-10 10:30:54.347 ERROR: Failed to extract forces: The property "forces" is not available.
2026-06-10 10:30:54.347 ERROR: Failed to extract forces: The property "forces" is not available.
2026-06-10 10:30:54.347 ERROR: Failed to extract forces: The property "forces" is not available.
2026-06-10 10:30:54.347 ERROR: Failed to extract forces: The property "forces" is not available.
2026-06-10 10:30:54.347 ERROR: Failed to extract forces: The property "forces" is not available.
2026-06-10 10:30:54.347 ERROR: Failed to extract forces: The property "forces" is not available.
2026-06-10 10:30:54.347 ERROR: Failed to extract forces: The property "forces" is not available.
2026-06-10 10:30:54.347 ERROR: Failed to extract forces: The property "forces" is not available.
2026-06-10 10:30:54.347 ERROR: Failed to extract forces: The property "forces" is not available.
2026-06-10 10:30:54.347 ERROR: Failed to extract forces: The property "forces" is not available.
2026-06-10 10:30:54.347 ERROR: Failed to extract forces: The property "forces" is not available.
2026-06-10 10:30:54.347 ERROR: Failed to extract forces: The property "forces" is not available.
2026-06-10 10:30:54.347 ERROR: Failed to extract forces: The property "forces" is not available.
2026-06-10 10:30:54.347 ERROR: Failed to extract forces: The property "forces" is not available.
2026-06-10 10:30:54.347 ERROR: Failed to extract forces: The property "forces" is not available.
2026-06-10 10:30:54.347 ERROR: Failed to extract forces: The property "forces" is not available.
2026-06-10 10:30:54.347 ERROR: Failed to extract forces: The property "forces" is not available.
2026-06-10 10:30:54.347 ERROR: Failed to extract forces: The property "forces" is not available.
2026-06-10 10:30:54.347 ERROR: Failed to extract forces: The property "forces" is not available.
2026-06-10 10:30:54.347 ERROR: Failed to extract forces: The property "forces" is not available.
2026-06-10 10:30:54.347 ERROR: Failed to extract forces: The property "forces" is not available.
2026-06-10 10:30:54.347 ERROR: Failed to extract forces: The property "forces" is not available.
2026-06-10 10:30:54.347 ERROR: Failed to extract forces: The property "forces" is not available.
2026-06-10 10:30:54.347 ERROR: Failed to extract forces: The property "forces" is not available.
2026-06-10 10:30:54.348 ERROR: Failed to extract forces: The property "forces" is not available.
2026-06-10 10:30:54.348 ERROR: Failed to extract forces: The property "forces" is not available.
2026-06-10 10:30:54.348 ERROR: Failed to extract forces: The property "forces" is not available.
2026-06-10 10:30:54.348 ERROR: Failed to extract forces: The property "forces" is not available.
2026-06-10 10:30:54.348 ERROR: Failed to extract forces: The property "forces" is not available.
2026-06-10 10:30:54.348 ERROR: Failed to extract forces: The property "forces" is not available.
2026-06-10 10:30:54.348 ERROR: Failed to extract forces: The property "forces" is not available.
2026-06-10 10:30:54.348 ERROR: Failed to extract forces: The property "forces" is not available.
2026-06-10 10:30:54.348 ERROR: Failed to extract forces: The property "forces" is not available.
2026-06-10 10:30:54.348 ERROR: Failed to extract forces: The property "forces" is not available.
2026-06-10 10:30:54.348 ERROR: Failed to extract forces: The property "forces" is not available.
2026-06-10 10:30:54.348 ERROR: Failed to extract forces: The property "forces" is not available.
2026-06-10 10:30:54.348 ERROR: Failed to extract forces: The property "forces" is not available.
2026-06-10 10:30:54.348 ERROR: Failed to extract forces: The property "forces" is not available.
2026-06-10 10:30:54.348 ERROR: Failed to extract forces: The property "forces" is not available.
2026-06-10 10:30:54.348 ERROR: Failed to extract forces: The property "forces" is not available.
2026-06-10 10:30:54.348 ERROR: Failed to extract forces: The property "forces" is not available.
2026-06-10 10:30:54.348 ERROR: Failed to extract forces: The property "forces" is not available.
2026-06-10 10:30:54.348 ERROR: Failed to extract forces: The property "forces" is not available.
2026-06-10 10:30:54.348 ERROR: Failed to extract forces: The property "forces" is not available.
2026-06-10 10:30:54.348 ERROR: Failed to extract forces: The property "forces" is not available.
2026-06-10 10:30:54.348 ERROR: Failed to extract forces: The property "forces" is not available.
2026-06-10 10:30:54.348 ERROR: Failed to extract forces: The property "forces" is not available.
2026-06-10 10:30:54.348 ERROR: Failed to extract forces: The property "forces" is not available.
2026-06-10 10:30:54.348 ERROR: Failed to extract forces: The property "forces" is not available.
2026-06-10 10:30:54.349 ERROR: Failed to extract forces: The property "forces" is not available.
2026-06-10 10:30:54.349 ERROR: Failed to extract forces: The property "forces" is not available.
2026-06-10 10:30:54.349 ERROR: Failed to extract forces: The property "forces" is not available.
2026-06-10 10:30:54.349 ERROR: Failed to extract forces: The property "forces" is not available.
2026-06-10 10:30:54.349 ERROR: Failed to extract forces: The property "forces" is not available.
2026-06-10 10:30:54.349 ERROR: Failed to extract forces: The property "forces" is not available.
2026-06-10 10:30:54.349 ERROR: Failed to extract forces: The property "forces" is not available.
2026-06-10 10:30:54.349 ERROR: Failed to extract forces: The property "forces" is not available.
2026-06-10 10:30:54.349 ERROR: Failed to extract forces: The property "forces" is not available.
2026-06-10 10:30:54.349 ERROR: Failed to extract forces: The property "forces" is not available.
2026-06-10 10:30:54.349 ERROR: Failed to extract forces: The property "forces" is not available.
2026-06-10 10:30:54.349 ERROR: Failed to extract forces: The property "forces" is not available.
2026-06-10 10:30:54.349 ERROR: Failed to extract forces: The property "forces" is not available.
2026-06-10 10:30:54.349 ERROR: Failed to extract forces: The property "forces" is not available.
2026-06-10 10:30:54.349 ERROR: Failed to extract forces: The property "forces" is not available.
2026-06-10 10:30:54.349 ERROR: Failed to extract forces: The property "forces" is not available.
2026-06-10 10:30:54.349 ERROR: Failed to extract forces: The property "forces" is not available.
2026-06-10 10:30:54.349 ERROR: Failed to extract forces: The property "forces" is not available.
2026-06-10 10:30:54.349 ERROR: Failed to extract forces: The property "forces" is not available.
2026-06-10 10:30:54.349 ERROR: Failed to extract forces: The property "forces" is not available.
2026-06-10 10:30:54.349 ERROR: Failed to extract forces: The property "forces" is not available.
2026-06-10 10:30:54.349 ERROR: Failed to extract forces: The property "forces" is not available.
2026-06-10 10:30:54.349 ERROR: Failed to extract forces: The property "forces" is not available.
2026-06-10 10:30:54.349 ERROR: Failed to extract forces: The property "forces" is not available.
2026-06-10 10:30:54.350 ERROR: Failed to extract forces: The property "forces" is not available.
2026-06-10 10:30:54.350 ERROR: Failed to extract forces: The property "forces" is not available.
2026-06-10 10:30:54.350 ERROR: Failed to extract forces: The property "forces" is not available.
2026-06-10 10:30:54.350 ERROR: Failed to extract forces: The property "forces" is not available.
2026-06-10 10:30:54.350 ERROR: Failed to extract forces: The property "forces" is not available.
2026-06-10 10:30:54.350 ERROR: Failed to extract forces: The property "forces" is not available.
2026-06-10 10:30:54.350 ERROR: Failed to extract forces: The property "forces" is not available.
2026-06-10 10:30:54.350 ERROR: Failed to extract forces: The property "forces" is not available.
2026-06-10 10:30:54.350 ERROR: Failed to extract forces: The property "forces" is not available.
2026-06-10 10:30:54.350 ERROR: Failed to extract forces: The property "forces" is not available.
2026-06-10 10:30:54.350 ERROR: Failed to extract forces: The property "forces" is not available.
2026-06-10 10:30:54.350 ERROR: Failed to extract forces: The property "forces" is not available.
2026-06-10 10:30:54.350 ERROR: Failed to extract forces: The property "forces" is not available.
2026-06-10 10:30:54.350 ERROR: Failed to extract forces: The property "forces" is not available.
2026-06-10 10:30:54.350 ERROR: Failed to extract forces: The property "forces" is not available.
2026-06-10 10:30:54.350 ERROR: Failed to extract forces: The property "forces" is not available.
2026-06-10 10:30:54.350 ERROR: Failed to extract forces: The property "forces" is not available.
2026-06-10 10:30:54.350 ERROR: Failed to extract forces: The property "forces" is not available.
2026-06-10 10:30:54.350 ERROR: Failed to extract forces: The property "forces" is not available.
2026-06-10 10:30:54.350 ERROR: Failed to extract forces: The property "forces" is not available.
2026-06-10 10:30:54.350 ERROR: Failed to extract forces: The property "forces" is not available.
2026-06-10 10:30:54.350 ERROR: Failed to extract forces: The property "forces" is not available.
2026-06-10 10:30:54.350 ERROR: Failed to extract forces: The property "forces" is not available.
2026-06-10 10:30:54.350 ERROR: Failed to extract forces: The property "forces" is not available.
2026-06-10 10:30:54.350 ERROR: Failed to extract forces: The property "forces" is not available.
2026-06-10 10:30:54.351 ERROR: Failed to extract forces: The property "forces" is not available.
2026-06-10 10:30:54.351 ERROR: Failed to extract forces: The property "forces" is not available.
2026-06-10 10:30:54.351 ERROR: Failed to extract forces: The property "forces" is not available.
2026-06-10 10:30:54.351 ERROR: Failed to extract forces: The property "forces" is not available.
2026-06-10 10:30:54.351 ERROR: Failed to extract forces: The property "forces" is not available.
2026-06-10 10:30:54.351 ERROR: Failed to extract forces: The property "forces" is not available.
2026-06-10 10:30:54.351 ERROR: Failed to extract forces: The property "forces" is not available.
2026-06-10 10:30:54.351 ERROR: Failed to extract forces: The property "forces" is not available.
2026-06-10 10:30:54.351 ERROR: Failed to extract forces: The property "forces" is not available.
2026-06-10 10:30:54.351 ERROR: Failed to extract forces: The property "forces" is not available.
2026-06-10 10:30:54.351 ERROR: Failed to extract forces: The property "forces" is not available.
2026-06-10 10:30:54.351 ERROR: Failed to extract forces: The property "forces" is not available.
2026-06-10 10:30:54.351 ERROR: Failed to extract forces: The property "forces" is not available.
2026-06-10 10:30:54.351 ERROR: Failed to extract forces: The property "forces" is not available.
2026-06-10 10:30:54.351 ERROR: Failed to extract forces: The property "forces" is not available.
2026-06-10 10:30:54.351 ERROR: Failed to extract forces: The property "forces" is not available.
2026-06-10 10:30:54.351 ERROR: Failed to extract forces: The property "forces" is not available.
2026-06-10 10:30:54.351 ERROR: Failed to extract forces: The property "forces" is not available.
2026-06-10 10:30:54.351 ERROR: Failed to extract forces: The property "forces" is not available.
2026-06-10 10:30:54.351 ERROR: Failed to extract forces: The property "forces" is not available.
2026-06-10 10:30:54.351 ERROR: Failed to extract forces: The property "forces" is not available.
2026-06-10 10:30:54.351 ERROR: Failed to extract forces: The property "forces" is not available.
2026-06-10 10:30:54.351 ERROR: Failed to extract forces: The property "forces" is not available.
2026-06-10 10:30:54.351 ERROR: Failed to extract forces: The property "forces" is not available.
2026-06-10 10:30:54.351 ERROR: Failed to extract forces: The property "forces" is not available.
2026-06-10 10:30:54.352 ERROR: Failed to extract forces: The property "forces" is not available.
2026-06-10 10:30:54.352 ERROR: Failed to extract forces: The property "forces" is not available.
2026-06-10 10:30:54.352 ERROR: Failed to extract forces: The property "forces" is not available.
2026-06-10 10:30:54.352 ERROR: Failed to extract forces: The property "forces" is not available.
2026-06-10 10:30:54.352 ERROR: Failed to extract forces: The property "forces" is not available.
2026-06-10 10:30:54.352 ERROR: Failed to extract forces: The property "forces" is not available.
2026-06-10 10:30:54.352 ERROR: Failed to extract forces: The property "forces" is not available.
2026-06-10 10:30:54.352 ERROR: Failed to extract forces: The property "forces" is not available.
2026-06-10 10:30:54.352 ERROR: Failed to extract forces: The property "forces" is not available.
2026-06-10 10:30:54.352 ERROR: Failed to extract forces: The property "forces" is not available.
2026-06-10 10:30:54.352 ERROR: Failed to extract forces: The property "forces" is not available.
2026-06-10 10:30:54.352 ERROR: Failed to extract forces: The property "forces" is not available.
2026-06-10 10:30:54.352 ERROR: Failed to extract forces: The property "forces" is not available.
2026-06-10 10:30:54.352 ERROR: Failed to extract forces: The property "forces" is not available.
2026-06-10 10:30:54.352 ERROR: Failed to extract forces: The property "forces" is not available.
2026-06-10 10:30:54.352 ERROR: Failed to extract forces: The property "forces" is not available.
2026-06-10 10:30:54.352 ERROR: Failed to extract forces: The property "forces" is not available.
2026-06-10 10:30:54.352 ERROR: Failed to extract forces: The property "forces" is not available.
2026-06-10 10:30:54.352 ERROR: Failed to extract forces: The property "forces" is not available.
2026-06-10 10:30:54.352 ERROR: Failed to extract forces: The property "forces" is not available.
2026-06-10 10:30:54.352 ERROR: Failed to extract forces: The property "forces" is not available.
2026-06-10 10:30:54.352 ERROR: Failed to extract forces: The property "forces" is not available.
2026-06-10 10:30:54.352 ERROR: Failed to extract forces: The property "forces" is not available.
2026-06-10 10:30:54.352 ERROR: Failed to extract forces: The property "forces" is not available.
2026-06-10 10:30:54.353 ERROR: Failed to extract forces: The property "forces" is not available.
2026-06-10 10:30:54.353 ERROR: Failed to extract forces: The property "forces" is not available.
2026-06-10 10:30:54.353 ERROR: Failed to extract forces: The property "forces" is not available.
2026-06-10 10:30:54.353 ERROR: Failed to extract forces: The property "forces" is not available.
2026-06-10 10:30:54.353 ERROR: Failed to extract forces: The property "forces" is not available.
2026-06-10 10:30:54.353 ERROR: Failed to extract forces: The property "forces" is not available.
2026-06-10 10:30:54.353 ERROR: Failed to extract forces: The property "forces" is not available.
2026-06-10 10:30:54.353 ERROR: Failed to extract forces: The property "forces" is not available.
2026-06-10 10:30:54.353 ERROR: Failed to extract forces: The property "forces" is not available.
2026-06-10 10:30:54.353 ERROR: Failed to extract forces: The property "forces" is not available.
2026-06-10 10:30:54.353 ERROR: Failed to extract forces: The property "forces" is not available.
2026-06-10 10:30:54.353 ERROR: Failed to extract forces: The property "forces" is not available.
2026-06-10 10:30:54.353 ERROR: Failed to extract forces: The property "forces" is not available.
2026-06-10 10:30:54.353 ERROR: Failed to extract forces: The property "forces" is not available.
2026-06-10 10:30:54.353 ERROR: Failed to extract forces: The property "forces" is not available.
2026-06-10 10:30:54.353 ERROR: Failed to extract forces: The property "forces" is not available.
2026-06-10 10:30:54.353 ERROR: Failed to extract forces: The property "forces" is not available.
2026-06-10 10:30:54.353 ERROR: Failed to extract forces: The property "forces" is not available.
2026-06-10 10:30:54.353 ERROR: Failed to extract forces: The property "forces" is not available.
2026-06-10 10:30:54.353 ERROR: Failed to extract forces: The property "forces" is not available.
2026-06-10 10:30:54.353 ERROR: Failed to extract forces: The property "forces" is not available.
2026-06-10 10:30:54.353 ERROR: Failed to extract forces: The property "forces" is not available.
2026-06-10 10:30:54.353 ERROR: Failed to extract forces: The property "forces" is not available.
2026-06-10 10:30:54.353 ERROR: Failed to extract forces: The property "forces" is not available.
2026-06-10 10:30:54.353 ERROR: Failed to extract forces: The property "forces" is not available.
2026-06-10 10:30:54.354 ERROR: Failed to extract forces: The property "forces" is not available.
2026-06-10 10:30:54.354 ERROR: Failed to extract forces: The property "forces" is not available.
2026-06-10 10:30:54.354 ERROR: Failed to extract forces: The property "forces" is not available.
2026-06-10 10:30:54.354 ERROR: Failed to extract forces: The property "forces" is not available.
2026-06-10 10:30:54.354 ERROR: Failed to extract forces: The property "forces" is not available.
2026-06-10 10:30:54.354 ERROR: Failed to extract forces: The property "forces" is not available.
2026-06-10 10:30:54.354 ERROR: Failed to extract forces: The property "forces" is not available.
2026-06-10 10:30:54.354 ERROR: Failed to extract forces: The property "forces" is not available.
2026-06-10 10:30:54.354 ERROR: Failed to extract forces: The property "forces" is not available.
2026-06-10 10:30:54.354 ERROR: Failed to extract forces: The property "forces" is not available.
2026-06-10 10:30:54.354 ERROR: Failed to extract forces: The property "forces" is not available.
2026-06-10 10:30:54.354 ERROR: Failed to extract forces: The property "forces" is not available.
2026-06-10 10:30:54.354 ERROR: Failed to extract forces: The property "forces" is not available.
2026-06-10 10:30:54.354 ERROR: Failed to extract forces: The property "forces" is not available.
2026-06-10 10:30:54.354 ERROR: Failed to extract forces: The property "forces" is not available.
2026-06-10 10:30:54.354 ERROR: Failed to extract forces: The property "forces" is not available.
2026-06-10 10:30:54.354 ERROR: Failed to extract forces: The property "forces" is not available.
2026-06-10 10:30:54.354 ERROR: Failed to extract forces: The property "forces" is not available.
2026-06-10 10:30:54.354 ERROR: Failed to extract forces: The property "forces" is not available.
2026-06-10 10:30:54.354 ERROR: Failed to extract forces: The property "forces" is not available.
2026-06-10 10:30:54.354 ERROR: Failed to extract forces: The property "forces" is not available.
2026-06-10 10:30:54.354 ERROR: Failed to extract forces: The property "forces" is not available.
2026-06-10 10:30:54.354 ERROR: Failed to extract forces: The property "forces" is not available.
2026-06-10 10:30:54.354 ERROR: Failed to extract forces: The property "forces" is not available.
2026-06-10 10:30:54.354 ERROR: Failed to extract forces: The property "forces" is not available.
2026-06-10 10:30:54.355 ERROR: Failed to extract forces: The property "forces" is not available.
2026-06-10 10:30:54.355 ERROR: Failed to extract forces: The property "forces" is not available.
2026-06-10 10:30:54.355 ERROR: Failed to extract forces: The property "forces" is not available.
2026-06-10 10:30:54.355 ERROR: Failed to extract forces: The property "forces" is not available.
2026-06-10 10:30:54.355 ERROR: Failed to extract forces: The property "forces" is not available.
2026-06-10 10:30:54.355 ERROR: Failed to extract forces: The property "forces" is not available.
2026-06-10 10:30:54.355 ERROR: Failed to extract forces: The property "forces" is not available.
2026-06-10 10:30:54.355 ERROR: Failed to extract forces: The property "forces" is not available.
2026-06-10 10:30:54.355 ERROR: Failed to extract forces: The property "forces" is not available.
2026-06-10 10:30:54.355 ERROR: Failed to extract forces: The property "forces" is not available.
2026-06-10 10:30:54.355 ERROR: Failed to extract forces: The property "forces" is not available.
2026-06-10 10:30:54.355 ERROR: Failed to extract forces: The property "forces" is not available.
2026-06-10 10:30:54.355 ERROR: Failed to extract forces: The property "forces" is not available.
2026-06-10 10:30:54.355 ERROR: Failed to extract forces: The property "forces" is not available.
2026-06-10 10:30:54.355 ERROR: Failed to extract forces: The property "forces" is not available.
2026-06-10 10:30:54.355 ERROR: Failed to extract forces: The property "forces" is not available.
2026-06-10 10:30:54.355 ERROR: Failed to extract forces: The property "forces" is not available.
2026-06-10 10:30:54.355 ERROR: Failed to extract forces: The property "forces" is not available.
2026-06-10 10:30:54.355 ERROR: Failed to extract forces: The property "forces" is not available.
2026-06-10 10:30:54.355 ERROR: Failed to extract forces: The property "forces" is not available.
2026-06-10 10:30:54.355 ERROR: Failed to extract forces: The property "forces" is not available.
2026-06-10 10:30:54.355 ERROR: Failed to extract forces: The property "forces" is not available.
2026-06-10 10:30:54.355 ERROR: Failed to extract forces: The property "forces" is not available.
2026-06-10 10:30:54.355 ERROR: Failed to extract forces: The property "forces" is not available.
2026-06-10 10:30:54.356 ERROR: Failed to extract forces: The property "forces" is not available.
2026-06-10 10:30:54.356 ERROR: Failed to extract forces: The property "forces" is not available.
2026-06-10 10:30:54.356 ERROR: Failed to extract forces: The property "forces" is not available.
2026-06-10 10:30:54.356 ERROR: Failed to extract forces: The property "forces" is not available.
2026-06-10 10:30:54.356 ERROR: Failed to extract forces: The property "forces" is not available.
2026-06-10 10:30:54.356 ERROR: Failed to extract forces: The property "forces" is not available.
2026-06-10 10:30:54.356 ERROR: Failed to extract forces: The property "forces" is not available.
2026-06-10 10:30:54.356 ERROR: Failed to extract forces: The property "forces" is not available.
2026-06-10 10:30:54.356 ERROR: Failed to extract forces: The property "forces" is not available.
2026-06-10 10:30:54.356 ERROR: Failed to extract forces: The property "forces" is not available.
2026-06-10 10:30:54.356 ERROR: Failed to extract forces: The property "forces" is not available.
2026-06-10 10:30:54.356 ERROR: Failed to extract forces: The property "forces" is not available.
2026-06-10 10:30:54.356 ERROR: Failed to extract forces: The property "forces" is not available.
2026-06-10 10:30:54.356 ERROR: Failed to extract forces: The property "forces" is not available.
2026-06-10 10:30:54.356 ERROR: Failed to extract forces: The property "forces" is not available.
2026-06-10 10:30:54.356 ERROR: Failed to extract forces: The property "forces" is not available.
2026-06-10 10:30:54.356 ERROR: Failed to extract forces: The property "forces" is not available.
2026-06-10 10:30:54.356 ERROR: Failed to extract forces: The property "forces" is not available.
2026-06-10 10:30:54.356 ERROR: Failed to extract forces: The property "forces" is not available.
2026-06-10 10:30:54.356 ERROR: Failed to extract forces: The property "forces" is not available.
2026-06-10 10:30:54.356 ERROR: Failed to extract forces: The property "forces" is not available.
2026-06-10 10:30:54.356 ERROR: Failed to extract forces: The property "forces" is not available.
2026-06-10 10:30:54.356 ERROR: Failed to extract forces: The property "forces" is not available.
2026-06-10 10:30:54.356 ERROR: Failed to extract forces: The property "forces" is not available.
2026-06-10 10:30:54.356 ERROR: Failed to extract forces: The property "forces" is not available.
2026-06-10 10:30:54.357 ERROR: Failed to extract forces: The property "forces" is not available.
2026-06-10 10:30:54.357 ERROR: Failed to extract forces: The property "forces" is not available.
2026-06-10 10:30:54.357 ERROR: Failed to extract forces: The property "forces" is not available.
2026-06-10 10:30:54.357 ERROR: Failed to extract forces: The property "forces" is not available.
2026-06-10 10:30:54.357 ERROR: Failed to extract forces: The property "forces" is not available.
2026-06-10 10:30:54.357 ERROR: Failed to extract forces: The property "forces" is not available.
2026-06-10 10:30:54.357 ERROR: Failed to extract forces: The property "forces" is not available.
2026-06-10 10:30:54.357 ERROR: Failed to extract forces: The property "forces" is not available.
2026-06-10 10:30:54.357 ERROR: Failed to extract forces: The property "forces" is not available.
2026-06-10 10:30:54.357 ERROR: Failed to extract forces: The property "forces" is not available.
2026-06-10 10:30:54.357 ERROR: Failed to extract forces: The property "forces" is not available.
2026-06-10 10:30:54.357 ERROR: Failed to extract forces: The property "forces" is not available.
2026-06-10 10:30:54.357 ERROR: Failed to extract forces: The property "forces" is not available.
2026-06-10 10:30:54.357 ERROR: Failed to extract forces: The property "forces" is not available.
2026-06-10 10:30:54.357 ERROR: Failed to extract forces: The property "forces" is not available.
2026-06-10 10:30:54.357 ERROR: Failed to extract forces: The property "forces" is not available.
2026-06-10 10:30:54.357 ERROR: Failed to extract forces: The property "forces" is not available.
2026-06-10 10:30:54.357 ERROR: Failed to extract forces: The property "forces" is not available.
2026-06-10 10:30:54.357 ERROR: Failed to extract forces: The property "forces" is not available.
2026-06-10 10:30:54.357 ERROR: Failed to extract forces: The property "forces" is not available.
2026-06-10 10:30:54.357 ERROR: Failed to extract forces: The property "forces" is not available.
2026-06-10 10:30:54.357 ERROR: Failed to extract forces: The property "forces" is not available.
2026-06-10 10:30:54.357 ERROR: Failed to extract forces: The property "forces" is not available.
2026-06-10 10:30:54.357 ERROR: Failed to extract forces: The property "forces" is not available.
2026-06-10 10:30:54.357 ERROR: Failed to extract forces: The property "forces" is not available.
2026-06-10 10:30:54.358 ERROR: Failed to extract forces: The property "forces" is not available.
2026-06-10 10:30:54.358 ERROR: Failed to extract forces: The property "forces" is not available.
2026-06-10 10:30:54.358 ERROR: Failed to extract forces: The property "forces" is not available.
2026-06-10 10:30:54.358 ERROR: Failed to extract forces: The property "forces" is not available.
2026-06-10 10:30:54.358 ERROR: Failed to extract forces: The property "forces" is not available.
2026-06-10 10:30:54.358 ERROR: Failed to extract forces: The property "forces" is not available.
2026-06-10 10:30:54.358 ERROR: Failed to extract forces: The property "forces" is not available.
2026-06-10 10:30:54.358 ERROR: Failed to extract forces: The property "forces" is not available.
2026-06-10 10:30:54.358 ERROR: Failed to extract forces: The property "forces" is not available.
2026-06-10 10:30:54.358 ERROR: Failed to extract forces: The property "forces" is not available.
2026-06-10 10:30:54.358 ERROR: Failed to extract forces: The property "forces" is not available.
2026-06-10 10:30:54.358 ERROR: Failed to extract forces: The property "forces" is not available.
2026-06-10 10:30:54.358 ERROR: Failed to extract forces: The property "forces" is not available.
2026-06-10 10:30:54.358 ERROR: Failed to extract forces: The property "forces" is not available.
2026-06-10 10:30:54.358 ERROR: Failed to extract forces: The property "forces" is not available.
2026-06-10 10:30:54.358 ERROR: Failed to extract forces: The property "forces" is not available.
2026-06-10 10:30:54.358 ERROR: Failed to extract forces: The property "forces" is not available.
2026-06-10 10:30:54.358 ERROR: Failed to extract forces: The property "forces" is not available.
2026-06-10 10:30:54.358 ERROR: Failed to extract forces: The property "forces" is not available.
2026-06-10 10:30:54.358 ERROR: Failed to extract forces: The property "forces" is not available.
2026-06-10 10:30:54.358 ERROR: Failed to extract forces: The property "forces" is not available.
2026-06-10 10:30:54.358 ERROR: Failed to extract forces: The property "forces" is not available.
2026-06-10 10:30:54.358 ERROR: Failed to extract forces: The property "forces" is not available.
2026-06-10 10:30:54.358 ERROR: Failed to extract forces: The property "forces" is not available.
2026-06-10 10:30:54.359 ERROR: Failed to extract forces: The property "forces" is not available.
2026-06-10 10:30:54.359 ERROR: Failed to extract forces: The property "forces" is not available.
2026-06-10 10:30:54.359 ERROR: Failed to extract forces: The property "forces" is not available.
2026-06-10 10:30:54.359 ERROR: Failed to extract forces: The property "forces" is not available.
2026-06-10 10:30:54.359 ERROR: Failed to extract forces: The property "forces" is not available.
2026-06-10 10:30:54.359 ERROR: Failed to extract forces: The property "forces" is not available.
2026-06-10 10:30:54.359 ERROR: Failed to extract forces: The property "forces" is not available.
2026-06-10 10:30:54.359 ERROR: Failed to extract forces: The property "forces" is not available.
2026-06-10 10:30:54.359 ERROR: Failed to extract forces: The property "forces" is not available.
2026-06-10 10:30:54.359 ERROR: Failed to extract forces: The property "forces" is not available.
2026-06-10 10:30:54.359 ERROR: Failed to extract forces: The property "forces" is not available.
2026-06-10 10:30:54.359 ERROR: Failed to extract forces: The property "forces" is not available.
2026-06-10 10:30:54.359 ERROR: Failed to extract forces: The property "forces" is not available.
2026-06-10 10:30:54.359 ERROR: Failed to extract forces: The property "forces" is not available.
2026-06-10 10:30:54.359 ERROR: Failed to extract forces: The property "forces" is not available.
2026-06-10 10:30:54.359 ERROR: Failed to extract forces: The property "forces" is not available.
2026-06-10 10:30:54.359 ERROR: Failed to extract forces: The property "forces" is not available.
2026-06-10 10:30:54.359 ERROR: Failed to extract forces: The property "forces" is not available.
2026-06-10 10:30:54.359 ERROR: Failed to extract forces: The property "forces" is not available.
2026-06-10 10:30:54.359 ERROR: Failed to extract forces: The property "forces" is not available.
2026-06-10 10:30:54.359 ERROR: Failed to extract forces: The property "forces" is not available.
2026-06-10 10:30:54.359 ERROR: Failed to extract forces: The property "forces" is not available.
2026-06-10 10:30:54.359 ERROR: Failed to extract forces: The property "forces" is not available.
2026-06-10 10:30:54.359 ERROR: Failed to extract forces: The property "forces" is not available.
2026-06-10 10:30:54.359 ERROR: Failed to extract forces: The property "forces" is not available.
2026-06-10 10:30:54.360 ERROR: Failed to extract forces: The property "forces" is not available.
2026-06-10 10:30:54.360 ERROR: Failed to extract forces: The property "forces" is not available.
2026-06-10 10:30:54.360 ERROR: Failed to extract forces: The property "forces" is not available.
2026-06-10 10:30:54.360 ERROR: Failed to extract forces: The property "forces" is not available.
2026-06-10 10:30:54.360 ERROR: Failed to extract forces: The property "forces" is not available.
2026-06-10 10:30:54.360 ERROR: Failed to extract forces: The property "forces" is not available.
2026-06-10 10:30:54.360 ERROR: Failed to extract forces: The property "forces" is not available.
2026-06-10 10:30:54.360 ERROR: Failed to extract forces: The property "forces" is not available.
2026-06-10 10:30:54.360 ERROR: Failed to extract forces: The property "forces" is not available.
2026-06-10 10:30:54.360 ERROR: Failed to extract forces: The property "forces" is not available.
2026-06-10 10:30:54.360 ERROR: Failed to extract forces: The property "forces" is not available.
2026-06-10 10:30:54.360 ERROR: Failed to extract forces: The property "forces" is not available.
2026-06-10 10:30:54.360 ERROR: Failed to extract forces: The property "forces" is not available.
2026-06-10 10:30:54.360 ERROR: Failed to extract forces: The property "forces" is not available.
2026-06-10 10:30:54.360 ERROR: Failed to extract forces: The property "forces" is not available.
2026-06-10 10:30:54.360 ERROR: Failed to extract forces: The property "forces" is not available.
2026-06-10 10:30:54.360 ERROR: Failed to extract forces: The property "forces" is not available.
2026-06-10 10:30:54.360 ERROR: Failed to extract forces: The property "forces" is not available.
2026-06-10 10:30:54.360 ERROR: Failed to extract forces: The property "forces" is not available.
2026-06-10 10:30:54.360 ERROR: Failed to extract forces: The property "forces" is not available.
2026-06-10 10:30:54.360 ERROR: Failed to extract forces: The property "forces" is not available.
2026-06-10 10:30:54.360 ERROR: Failed to extract forces: The property "forces" is not available.
2026-06-10 10:30:54.360 ERROR: Failed to extract forces: The property "forces" is not available.
2026-06-10 10:30:54.360 ERROR: Failed to extract forces: The property "forces" is not available.
2026-06-10 10:30:54.360 ERROR: Failed to extract forces: The property "forces" is not available.
2026-06-10 10:30:54.361 ERROR: Failed to extract forces: The property "forces" is not available.
2026-06-10 10:30:54.361 ERROR: Failed to extract forces: The property "forces" is not available.
2026-06-10 10:30:54.361 ERROR: Failed to extract forces: The property "forces" is not available.
2026-06-10 10:30:54.361 ERROR: Failed to extract forces: The property "forces" is not available.
2026-06-10 10:30:54.361 ERROR: Failed to extract forces: The property "forces" is not available.
2026-06-10 10:30:54.361 ERROR: Failed to extract forces: The property "forces" is not available.
2026-06-10 10:30:54.361 ERROR: Failed to extract forces: The property "forces" is not available.
2026-06-10 10:30:54.361 ERROR: Failed to extract forces: The property "forces" is not available.
2026-06-10 10:30:54.361 ERROR: Failed to extract forces: The property "forces" is not available.
2026-06-10 10:30:54.361 ERROR: Failed to extract forces: The property "forces" is not available.
2026-06-10 10:30:54.361 ERROR: Failed to extract forces: The property "forces" is not available.
2026-06-10 10:30:54.361 ERROR: Failed to extract forces: The property "forces" is not available.
2026-06-10 10:30:54.361 ERROR: Failed to extract forces: The property "forces" is not available.
2026-06-10 10:30:54.361 ERROR: Failed to extract forces: The property "forces" is not available.
2026-06-10 10:30:54.361 ERROR: Failed to extract forces: The property "forces" is not available.
2026-06-10 10:30:54.361 ERROR: Failed to extract forces: The property "forces" is not available.
2026-06-10 10:30:54.361 ERROR: Failed to extract forces: The property "forces" is not available.
2026-06-10 10:30:54.361 ERROR: Failed to extract forces: The property "forces" is not available.
2026-06-10 10:30:54.361 ERROR: Failed to extract forces: The property "forces" is not available.
2026-06-10 10:30:54.361 ERROR: Failed to extract forces: The property "forces" is not available.
2026-06-10 10:30:54.361 ERROR: Failed to extract forces: The property "forces" is not available.
2026-06-10 10:30:54.361 ERROR: Failed to extract forces: The property "forces" is not available.
2026-06-10 10:30:54.361 ERROR: Failed to extract forces: The property "forces" is not available.
2026-06-10 10:30:54.361 ERROR: Failed to extract forces: The property "forces" is not available.
2026-06-10 10:30:54.362 ERROR: Failed to extract forces: The property "forces" is not available.
2026-06-10 10:30:54.362 ERROR: Failed to extract forces: The property "forces" is not available.
2026-06-10 10:30:54.362 ERROR: Failed to extract forces: The property "forces" is not available.
2026-06-10 10:30:54.362 ERROR: Failed to extract forces: The property "forces" is not available.
2026-06-10 10:30:54.362 ERROR: Failed to extract forces: The property "forces" is not available.
2026-06-10 10:30:54.362 ERROR: Failed to extract forces: The property "forces" is not available.
2026-06-10 10:30:54.362 ERROR: Failed to extract forces: The property "forces" is not available.
2026-06-10 10:30:54.362 ERROR: Failed to extract forces: The property "forces" is not available.
2026-06-10 10:30:54.362 ERROR: Failed to extract forces: The property "forces" is not available.
2026-06-10 10:30:54.362 ERROR: Failed to extract forces: The property "forces" is not available.
2026-06-10 10:30:54.362 ERROR: Failed to extract forces: The property "forces" is not available.
2026-06-10 10:30:54.362 ERROR: Failed to extract forces: The property "forces" is not available.
2026-06-10 10:30:54.362 ERROR: Failed to extract forces: The property "forces" is not available.
2026-06-10 10:30:54.362 ERROR: Failed to extract forces: The property "forces" is not available.
2026-06-10 10:30:54.362 ERROR: Failed to extract forces: The property "forces" is not available.
2026-06-10 10:30:54.362 ERROR: Failed to extract forces: The property "forces" is not available.
2026-06-10 10:30:54.362 ERROR: Failed to extract forces: The property "forces" is not available.
2026-06-10 10:30:54.362 ERROR: Failed to extract forces: The property "forces" is not available.
2026-06-10 10:30:54.362 ERROR: Failed to extract forces: The property "forces" is not available.
2026-06-10 10:30:54.362 ERROR: Failed to extract forces: The property "forces" is not available.
2026-06-10 10:30:54.362 ERROR: Failed to extract forces: The property "forces" is not available.
2026-06-10 10:30:54.362 ERROR: Failed to extract forces: The property "forces" is not available.
2026-06-10 10:30:54.362 ERROR: Failed to extract forces: The property "forces" is not available.
2026-06-10 10:30:54.362 ERROR: Failed to extract forces: The property "forces" is not available.
2026-06-10 10:30:54.362 ERROR: Failed to extract forces: The property "forces" is not available.
2026-06-10 10:30:54.363 ERROR: Failed to extract forces: The property "forces" is not available.
2026-06-10 10:30:54.363 ERROR: Failed to extract forces: The property "forces" is not available.
2026-06-10 10:30:54.363 ERROR: Failed to extract forces: The property "forces" is not available.
2026-06-10 10:30:54.363 ERROR: Failed to extract forces: The property "forces" is not available.
2026-06-10 10:30:54.363 ERROR: Failed to extract forces: The property "forces" is not available.
2026-06-10 10:30:54.363 ERROR: Failed to extract forces: The property "forces" is not available.
2026-06-10 10:30:54.363 ERROR: Failed to extract forces: The property "forces" is not available.
2026-06-10 10:30:54.363 ERROR: Failed to extract forces: The property "forces" is not available.
2026-06-10 10:30:54.363 ERROR: Failed to extract forces: The property "forces" is not available.
2026-06-10 10:30:54.363 ERROR: Failed to extract forces: The property "forces" is not available.
2026-06-10 10:30:54.363 ERROR: Failed to extract forces: The property "forces" is not available.
2026-06-10 10:30:54.363 ERROR: Failed to extract forces: The property "forces" is not available.
2026-06-10 10:30:54.363 ERROR: Failed to extract forces: The property "forces" is not available.
2026-06-10 10:30:54.363 ERROR: Failed to extract forces: The property "forces" is not available.
2026-06-10 10:30:54.363 ERROR: Failed to extract forces: The property "forces" is not available.
2026-06-10 10:30:54.363 ERROR: Failed to extract forces: The property "forces" is not available.
2026-06-10 10:30:54.363 ERROR: Failed to extract forces: The property "forces" is not available.
2026-06-10 10:30:54.363 ERROR: Failed to extract forces: The property "forces" is not available.
2026-06-10 10:30:54.363 ERROR: Failed to extract forces: The property "forces" is not available.
2026-06-10 10:30:54.363 ERROR: Failed to extract forces: The property "forces" is not available.
2026-06-10 10:30:54.363 ERROR: Failed to extract forces: The property "forces" is not available.
2026-06-10 10:30:54.363 ERROR: Failed to extract forces: The property "forces" is not available.
2026-06-10 10:30:54.363 ERROR: Failed to extract forces: The property "forces" is not available.
2026-06-10 10:30:54.363 ERROR: Failed to extract forces: The property "forces" is not available.
2026-06-10 10:30:54.363 ERROR: Failed to extract forces: The property "forces" is not available.
2026-06-10 10:30:54.364 ERROR: Failed to extract forces: The property "forces" is not available.
2026-06-10 10:30:54.364 ERROR: Failed to extract forces: The property "forces" is not available.
2026-06-10 10:30:54.364 ERROR: Failed to extract forces: The property "forces" is not available.
2026-06-10 10:30:54.364 ERROR: Failed to extract forces: The property "forces" is not available.
2026-06-10 10:30:54.364 ERROR: Failed to extract forces: The property "forces" is not available.
2026-06-10 10:30:54.364 ERROR: Failed to extract forces: The property "forces" is not available.
2026-06-10 10:30:54.364 ERROR: Failed to extract forces: The property "forces" is not available.
2026-06-10 10:30:54.364 WARNING: Since ASE version 3.23.0b1, using stress_key 'stress' is no longer safe when communicating between MACE and ASE. We recommend using a different key, rewriting 'stress' to 'REF_stress'. You need to use --stress_key='REF_stress' to specify the chosen key name.
2026-06-10 10:30:54.382 INFO: Training set 1/1 [energy: 494, stress: 494, virials: 0, dipole components: 0, head: 494, elec_temp: 0, total_charge: 0, polarizability: 0, total_spin: 0, forces: 494, charges: 0]
2026-06-10 10:30:54.384 INFO: Total Training set [energy: 494, stress: 494, virials: 0, dipole components: 0, head: 494, elec_temp: 0, total_charge: 0, polarizability: 0, total_spin: 0, forces: 494, charges: 0]
2026-06-10 10:30:54.384 INFO: No validation set provided, splitting training data instead.
2026-06-10 10:30:54.420 INFO: Using random 50% of training set for validation with indices saved in: ./MACE_valid_indices_7.txt
2026-06-10 10:30:54.422 INFO: Random Split Training set [energy: 247, stress: 247, virials: 0, dipole components: 0, head: 247, elec_temp: 0, total_charge: 0, polarizability: 0, total_spin: 0, forces: 247, charges: 0]
2026-06-10 10:30:54.423 INFO: Random Split Validation set [energy: 247, stress: 247, virials: 0, dipole components: 0, head: 247, elec_temp: 0, total_charge: 0, polarizability: 0, total_spin: 0, forces: 247, charges: 0]
2026-06-10 10:30:54.423 INFO: Total number of configurations: train=247, valid=247, tests=[],
2026-06-10 10:30:54.429 INFO: Atomic Numbers used: [8, 57, 58]
2026-06-10 10:30:54.429 INFO: Isolated Atomic Energies (E0s) not in training file, using command line argument
2026-06-10 10:30:54.429 INFO: Atomic Energies used (z: eV) for head Default: {8: -1.5355693, 57: 0.58112179, 58: 0.58112179}
2026-06-10 10:30:54.429 INFO: Processing datasets for head 'Default'
2026-06-10 10:30:59.855 INFO: Combining 1 list datasets for head 'Default'
2026-06-10 10:31:04.259 INFO: Head 'Default' training dataset size: 247
2026-06-10 10:31:04.260 INFO: Computing average number of neighbors
2026-06-10 10:31:05.009 INFO: Average number of neighbors: 49.49075730471079
2026-06-10 10:31:05.009 INFO: During training the following quantities will be reported: energy, forces
2026-06-10 10:31:05.009 INFO: ===========MODEL DETAILS===========
2026-06-10 10:31:05.321 WARNING: Standard deviation of the scaling is zero, Changing to no scaling
2026-06-10 10:31:05.321 INFO: Loading FOUNDATION model
2026-06-10 10:31:05.322 INFO: Using filtered elements: [8, 57, 58]
2026-06-10 10:31:05.322 INFO: Model configuration extracted from foundation model
2026-06-10 10:31:05.322 INFO: Using weighted loss function for fine-tuning
2026-06-10 10:31:05.322 INFO: Message passing with hidden irreps 128x0e+128x1o)
2026-06-10 10:31:05.322 INFO: 2 layers, each with correlation order: 3 (body order: 4) and spherical harmonics up to: l=3
2026-06-10 10:31:05.322 INFO: Radial cutoff: 6.0 A (total receptive field for each atom: 12.0 A)
2026-06-10 10:31:05.322 INFO: Distance transform for radial basis functions: Agnesi
/proj/teoroo/users/x_jolku/envs/macing/lib/python3.11/site-packages/torch/jit/_check.py:178: UserWarning: The TorchScript type system doesn't support instance-level annotations on empty non-base types in `__init__`. Instead, either 1) use a type annotation in the class body, or 2) wrap the type in `torch.jit.Attribute`.
  warnings.warn(
/proj/teoroo/users/x_jolku/envs/macing/lib/python3.11/site-packages/torch/jit/_check.py:178: UserWarning: The TorchScript type system doesn't support instance-level annotations on empty non-base types in `__init__`. Instead, either 1) use a type annotation in the class body, or 2) wrap the type in `torch.jit.Attribute`.
  warnings.warn(
/proj/teoroo/users/x_jolku/envs/macing/lib/python3.11/site-packages/torch/jit/_check.py:178: UserWarning: The TorchScript type system doesn't support instance-level annotations on empty non-base types in `__init__`. Instead, either 1) use a type annotation in the class body, or 2) wrap the type in `torch.jit.Attribute`.
  warnings.warn(
/proj/teoroo/users/x_jolku/envs/macing/lib/python3.11/site-packages/torch/jit/_check.py:178: UserWarning: The TorchScript type system doesn't support instance-level annotations on empty non-base types in `__init__`. Instead, either 1) use a type annotation in the class body, or 2) wrap the type in `torch.jit.Attribute`.
  warnings.warn(
/proj/teoroo/users/x_jolku/envs/macing/lib/python3.11/site-packages/torch/jit/_check.py:178: UserWarning: The TorchScript type system doesn't support instance-level annotations on empty non-base types in `__init__`. Instead, either 1) use a type annotation in the class body, or 2) wrap the type in `torch.jit.Attribute`.
  warnings.warn(
/proj/teoroo/users/x_jolku/envs/macing/lib/python3.11/site-packages/torch/jit/_check.py:178: UserWarning: The TorchScript type system doesn't support instance-level annotations on empty non-base types in `__init__`. Instead, either 1) use a type annotation in the class body, or 2) wrap the type in `torch.jit.Attribute`.
  warnings.warn(
/proj/teoroo/users/x_jolku/envs/macing/lib/python3.11/site-packages/torch/jit/_check.py:178: UserWarning: The TorchScript type system doesn't support instance-level annotations on empty non-base types in `__init__`. Instead, either 1) use a type annotation in the class body, or 2) wrap the type in `torch.jit.Attribute`.
  warnings.warn(
/proj/teoroo/users/x_jolku/envs/macing/lib/python3.11/site-packages/torch/jit/_check.py:178: UserWarning: The TorchScript type system doesn't support instance-level annotations on empty non-base types in `__init__`. Instead, either 1) use a type annotation in the class body, or 2) wrap the type in `torch.jit.Attribute`.
  warnings.warn(
/proj/teoroo/users/x_jolku/envs/macing/lib/python3.11/site-packages/torch/jit/_check.py:178: UserWarning: The TorchScript type system doesn't support instance-level annotations on empty non-base types in `__init__`. Instead, either 1) use a type annotation in the class body, or 2) wrap the type in `torch.jit.Attribute`.
  warnings.warn(
/proj/teoroo/users/x_jolku/envs/macing/lib/python3.11/site-packages/torch/jit/_check.py:178: UserWarning: The TorchScript type system doesn't support instance-level annotations on empty non-base types in `__init__`. Instead, either 1) use a type annotation in the class body, or 2) wrap the type in `torch.jit.Attribute`.
  warnings.warn(
/proj/teoroo/users/x_jolku/envs/macing/lib/python3.11/site-packages/torch/jit/_check.py:178: UserWarning: The TorchScript type system doesn't support instance-level annotations on empty non-base types in `__init__`. Instead, either 1) use a type annotation in the class body, or 2) wrap the type in `torch.jit.Attribute`.
  warnings.warn(
/proj/teoroo/users/x_jolku/envs/macing/lib/python3.11/site-packages/torch/jit/_check.py:178: UserWarning: The TorchScript type system doesn't support instance-level annotations on empty non-base types in `__init__`. Instead, either 1) use a type annotation in the class body, or 2) wrap the type in `torch.jit.Attribute`.
  warnings.warn(
/proj/teoroo/users/x_jolku/envs/macing/lib/python3.11/site-packages/torch/jit/_check.py:178: UserWarning: The TorchScript type system doesn't support instance-level annotations on empty non-base types in `__init__`. Instead, either 1) use a type annotation in the class body, or 2) wrap the type in `torch.jit.Attribute`.
  warnings.warn(
/proj/teoroo/users/x_jolku/envs/macing/lib/python3.11/site-packages/torch/jit/_check.py:178: UserWarning: The TorchScript type system doesn't support instance-level annotations on empty non-base types in `__init__`. Instead, either 1) use a type annotation in the class body, or 2) wrap the type in `torch.jit.Attribute`.
  warnings.warn(
2026-06-10 10:31:14.308 INFO: ===========OPTIMIZER INFORMATION===========
2026-06-10 10:31:14.308 INFO: Using ADAM as parameter optimizer
2026-06-10 10:31:14.308 INFO: Batch size: 5
2026-06-10 10:31:14.308 INFO: Using Exponential Moving Average with decay: 0.99
2026-06-10 10:31:14.308 INFO: Number of gradient updates: 4940
2026-06-10 10:31:14.308 INFO: Learning rate: 0.01, weight decay: 5e-07
2026-06-10 10:31:14.309 INFO: WeightedEnergyForcesLoss(energy_weight=1.000, forces_weight=10.000)
2026-06-10 10:31:14.309 INFO: === Layer's learning rates ===
2026-06-10 10:31:14.310 INFO: Param group 0: lr = 0.01
2026-06-10 10:31:14.310 INFO: Param group 1: lr = 0.01
2026-06-10 10:31:14.310 INFO: Param group 2: lr = 0.01
2026-06-10 10:31:14.310 INFO: Param group 3: lr = 0.01
2026-06-10 10:31:14.310 INFO: Param group 4: lr = 0.01
2026-06-10 10:31:14.378 WARNING: No SWA checkpoint found, while SWA is enabled. Compare the swa_start parameter and the latest checkpoint.
2026-06-10 10:31:14.378 INFO: Loading checkpoint: ./checkpoints/MACE_run-7_epoch-0.pt
/proj/teoroo/users/x_jolku/envs/macing/lib/python3.11/site-packages/mace/mace/tools/checkpoint.py:187: UserWarning: Environment variable TORCH_FORCE_NO_WEIGHTS_ONLY_LOAD detected, since the`weights_only` argument was not explicitly passed to `torch.load`, forcing weights_only=False.
  torch.load(f=checkpoint_info.path, map_location=device),
2026-06-10 10:31:14.841 INFO: Using gradient clipping with tolerance=10.000
2026-06-10 10:31:14.841 INFO: 
2026-06-10 10:31:14.841 INFO: ===========TRAINING===========
2026-06-10 10:31:14.841 INFO: Started training, reporting errors on validation set
2026-06-10 10:31:14.841 INFO: Loss metrics on validation set
2026-06-10 10:32:04.713 INFO: Initial: head: Default, loss=0.00028482, RMSE_E_per_atom=   28.55 meV, RMSE_F=   14.19 meV / A
2026-06-10 10:35:47.326 INFO: Epoch 0: head: Default, loss=0.00011627, RMSE_E_per_atom=   20.03 meV, RMSE_F=    8.67 meV / A
2026-06-10 10:39:30.943 INFO: Epoch 1: head: Default, loss=0.00024107, RMSE_E_per_atom=   28.40 meV, RMSE_F=   12.52 meV / A
2026-06-10 10:43:06.904 INFO: Epoch 2: head: Default, loss=0.00020126, RMSE_E_per_atom=   28.89 meV, RMSE_F=   10.78 meV / A
2026-06-10 10:46:42.566 INFO: Epoch 3: head: Default, loss=0.00010906, RMSE_E_per_atom=   21.26 meV, RMSE_F=    7.96 meV / A
2026-06-10 10:50:19.673 INFO: Epoch 4: head: Default, loss=0.00006159, RMSE_E_per_atom=   14.77 meV, RMSE_F=    6.27 meV / A
2026-06-10 10:54:01.883 INFO: Epoch 5: head: Default, loss=0.00003968, RMSE_E_per_atom=   11.02 meV, RMSE_F=    5.23 meV / A
2026-06-10 10:57:40.352 INFO: Epoch 6: head: Default, loss=0.00002621, RMSE_E_per_atom=    7.07 meV, RMSE_F=    4.60 meV / A
2026-06-10 11:01:31.678 INFO: Epoch 7: head: Default, loss=0.00002254, RMSE_E_per_atom=    6.12 meV, RMSE_F=    4.31 meV / A
2026-06-10 11:05:20.614 INFO: Epoch 8: head: Default, loss=0.00001695, RMSE_E_per_atom=    4.40 meV, RMSE_F=    3.86 meV / A
2026-06-10 11:09:02.363 INFO: Epoch 9: head: Default, loss=0.00001525, RMSE_E_per_atom=    4.51 meV, RMSE_F=    3.63 meV / A
2026-06-10 11:12:45.806 INFO: Epoch 10: head: Default, loss=0.00001273, RMSE_E_per_atom=    3.77 meV, RMSE_F=    3.35 meV / A
2026-06-10 11:16:29.106 INFO: Epoch 11: head: Default, loss=0.00001122, RMSE_E_per_atom=    2.99 meV, RMSE_F=    3.20 meV / A
2026-06-10 11:20:08.973 INFO: Epoch 12: head: Default, loss=0.00000980, RMSE_E_per_atom=    2.58 meV, RMSE_F=    3.01 meV / A
2026-06-10 11:23:50.431 INFO: Epoch 13: head: Default, loss=0.00000862, RMSE_E_per_atom=    1.91 meV, RMSE_F=    2.86 meV / A
2026-06-10 11:27:28.388 INFO: Epoch 14: head: Default, loss=0.00000763, RMSE_E_per_atom=    1.61 meV, RMSE_F=    2.70 meV / A
2026-06-10 11:31:12.928 INFO: Epoch 15: head: Default, loss=0.00000678, RMSE_E_per_atom=    1.41 meV, RMSE_F=    2.55 meV / A
2026-06-10 11:34:58.679 INFO: Epoch 16: head: Default, loss=0.00000664, RMSE_E_per_atom=    1.57 meV, RMSE_F=    2.51 meV / A
2026-06-10 11:38:38.508 INFO: Epoch 17: head: Default, loss=0.00000584, RMSE_E_per_atom=    1.58 meV, RMSE_F=    2.35 meV / A
2026-06-10 11:42:22.020 INFO: Epoch 18: head: Default, loss=0.00000522, RMSE_E_per_atom=    1.43 meV, RMSE_F=    2.23 meV / A
2026-06-10 11:46:07.635 INFO: Epoch 19: head: Default, loss=0.00000482, RMSE_E_per_atom=    1.28 meV, RMSE_F=    2.15 meV / A
2026-06-10 11:49:48.164 INFO: Epoch 20: head: Default, loss=0.00000445, RMSE_E_per_atom=    1.13 meV, RMSE_F=    2.07 meV / A
2026-06-10 11:53:34.191 INFO: Epoch 21: head: Default, loss=0.00000425, RMSE_E_per_atom=    1.28 meV, RMSE_F=    2.02 meV / A
2026-06-10 11:57:15.309 INFO: Epoch 22: head: Default, loss=0.00000390, RMSE_E_per_atom=    1.06 meV, RMSE_F=    1.94 meV / A
2026-06-10 12:00:58.892 INFO: Epoch 23: head: Default, loss=0.00000438, RMSE_E_per_atom=    1.30 meV, RMSE_F=    2.03 meV / A
2026-06-10 12:04:48.889 INFO: Epoch 24: head: Default, loss=0.00000444, RMSE_E_per_atom=    1.69 meV, RMSE_F=    2.01 meV / A
2026-06-10 12:08:28.936 INFO: Epoch 25: head: Default, loss=0.00000444, RMSE_E_per_atom=    2.25 meV, RMSE_F=    1.97 meV / A
2026-06-10 12:12:14.390 INFO: Epoch 26: head: Default, loss=0.00000482, RMSE_E_per_atom=    2.34 meV, RMSE_F=    2.04 meV / A
2026-06-10 12:15:56.840 INFO: Epoch 27: head: Default, loss=0.00000388, RMSE_E_per_atom=    1.77 meV, RMSE_F=    1.87 meV / A
2026-06-10 12:19:39.683 INFO: Epoch 28: head: Default, loss=0.00000343, RMSE_E_per_atom=    1.43 meV, RMSE_F=    1.78 meV / A
2026-06-10 12:23:21.762 INFO: Epoch 29: head: Default, loss=0.00000308, RMSE_E_per_atom=    1.14 meV, RMSE_F=    1.71 meV / A
2026-06-10 12:27:04.022 INFO: Epoch 30: head: Default, loss=0.00000285, RMSE_E_per_atom=    1.05 meV, RMSE_F=    1.65 meV / A
2026-06-10 12:30:48.214 INFO: Epoch 31: head: Default, loss=0.00000263, RMSE_E_per_atom=    0.93 meV, RMSE_F=    1.59 meV / A
2026-06-10 12:34:31.378 INFO: Epoch 32: head: Default, loss=0.00000245, RMSE_E_per_atom=    0.84 meV, RMSE_F=    1.53 meV / A
2026-06-10 12:38:10.491 INFO: Epoch 33: head: Default, loss=0.00000231, RMSE_E_per_atom=    0.76 meV, RMSE_F=    1.49 meV / A
2026-06-10 12:41:51.782 INFO: Epoch 34: head: Default, loss=0.00000216, RMSE_E_per_atom=    0.72 meV, RMSE_F=    1.45 meV / A
2026-06-10 12:45:34.462 INFO: Epoch 35: head: Default, loss=0.00000211, RMSE_E_per_atom=    0.77 meV, RMSE_F=    1.43 meV / A
2026-06-10 12:49:20.319 INFO: Epoch 36: head: Default, loss=0.00000212, RMSE_E_per_atom=    0.83 meV, RMSE_F=    1.43 meV / A
2026-06-10 12:53:05.320 INFO: Epoch 37: head: Default, loss=0.00000218, RMSE_E_per_atom=    0.83 meV, RMSE_F=    1.44 meV / A
2026-06-10 12:56:43.387 INFO: Epoch 38: head: Default, loss=0.00000211, RMSE_E_per_atom=    0.86 meV, RMSE_F=    1.42 meV / A
2026-06-10 13:00:27.365 INFO: Epoch 39: head: Default, loss=0.00000204, RMSE_E_per_atom=    0.92 meV, RMSE_F=    1.39 meV / A
2026-06-10 13:04:10.483 INFO: Epoch 40: head: Default, loss=0.00000214, RMSE_E_per_atom=    1.22 meV, RMSE_F=    1.40 meV / A
2026-06-10 13:07:52.958 INFO: Epoch 41: head: Default, loss=0.00000202, RMSE_E_per_atom=    0.93 meV, RMSE_F=    1.39 meV / A
2026-06-10 13:11:31.744 INFO: Epoch 42: head: Default, loss=0.00000189, RMSE_E_per_atom=    0.66 meV, RMSE_F=    1.35 meV / A
2026-06-10 13:15:10.226 INFO: Epoch 43: head: Default, loss=0.00000183, RMSE_E_per_atom=    0.65 meV, RMSE_F=    1.33 meV / A
2026-06-10 13:18:55.134 INFO: Epoch 44: head: Default, loss=0.00000180, RMSE_E_per_atom=    0.68 meV, RMSE_F=    1.32 meV / A
2026-06-10 13:22:32.183 INFO: Epoch 45: head: Default, loss=0.00000175, RMSE_E_per_atom=    0.70 meV, RMSE_F=    1.30 meV / A
2026-06-10 13:26:13.019 INFO: Epoch 46: head: Default, loss=0.00000169, RMSE_E_per_atom=    0.62 meV, RMSE_F=    1.28 meV / A
2026-06-10 13:29:48.522 INFO: Epoch 47: head: Default, loss=0.00000165, RMSE_E_per_atom=    0.59 meV, RMSE_F=    1.26 meV / A
2026-06-10 13:33:26.796 INFO: Epoch 48: head: Default, loss=0.00000164, RMSE_E_per_atom=    0.60 meV, RMSE_F=    1.26 meV / A
2026-06-10 13:37:11.051 INFO: Epoch 49: head: Default, loss=0.00000159, RMSE_E_per_atom=    0.56 meV, RMSE_F=    1.24 meV / A
2026-06-10 13:40:55.286 INFO: Epoch 50: head: Default, loss=0.00000164, RMSE_E_per_atom=    0.57 meV, RMSE_F=    1.26 meV / A
2026-06-10 13:44:43.758 INFO: Epoch 51: head: Default, loss=0.00000162, RMSE_E_per_atom=    0.59 meV, RMSE_F=    1.25 meV / A
2026-06-10 13:48:24.409 INFO: Epoch 52: head: Default, loss=0.00000157, RMSE_E_per_atom=    0.62 meV, RMSE_F=    1.23 meV / A
2026-06-10 13:52:00.668 INFO: Epoch 53: head: Default, loss=0.00000153, RMSE_E_per_atom=    0.68 meV, RMSE_F=    1.21 meV / A
2026-06-10 13:55:37.190 INFO: Epoch 54: head: Default, loss=0.00000151, RMSE_E_per_atom=    0.77 meV, RMSE_F=    1.20 meV / A
2026-06-10 13:59:16.849 INFO: Epoch 55: head: Default, loss=0.00000145, RMSE_E_per_atom=    0.57 meV, RMSE_F=    1.19 meV / A
2026-06-10 14:02:56.146 INFO: Epoch 56: head: Default, loss=0.00000143, RMSE_E_per_atom=    0.55 meV, RMSE_F=    1.18 meV / A
2026-06-10 14:06:47.070 INFO: Epoch 57: head: Default, loss=0.00000140, RMSE_E_per_atom=    0.55 meV, RMSE_F=    1.17 meV / A
2026-06-10 14:10:26.058 INFO: Epoch 58: head: Default, loss=0.00000140, RMSE_E_per_atom=    0.53 meV, RMSE_F=    1.17 meV / A
2026-06-10 14:14:06.015 INFO: Epoch 59: head: Default, loss=0.00000141, RMSE_E_per_atom=    0.55 meV, RMSE_F=    1.17 meV / A
2026-06-10 14:17:43.935 INFO: Epoch 60: head: Default, loss=0.00000137, RMSE_E_per_atom=    0.53 meV, RMSE_F=    1.16 meV / A
2026-06-10 14:21:23.360 INFO: Epoch 61: head: Default, loss=0.00000135, RMSE_E_per_atom=    0.64 meV, RMSE_F=    1.14 meV / A
2026-06-10 14:25:01.962 INFO: Epoch 62: head: Default, loss=0.00000131, RMSE_E_per_atom=    0.57 meV, RMSE_F=    1.13 meV / A
2026-06-10 14:28:40.153 INFO: Epoch 63: head: Default, loss=0.00000129, RMSE_E_per_atom=    0.53 meV, RMSE_F=    1.12 meV / A
2026-06-10 14:32:15.575 INFO: Epoch 64: head: Default, loss=0.00000127, RMSE_E_per_atom=    0.51 meV, RMSE_F=    1.11 meV / A
2026-06-10 14:35:51.194 INFO: Epoch 65: head: Default, loss=0.00000126, RMSE_E_per_atom=    0.51 meV, RMSE_F=    1.11 meV / A
2026-06-10 14:39:36.599 INFO: Epoch 66: head: Default, loss=0.00000128, RMSE_E_per_atom=    0.52 meV, RMSE_F=    1.11 meV / A
2026-06-10 14:43:17.215 INFO: Epoch 67: head: Default, loss=0.00000130, RMSE_E_per_atom=    0.58 meV, RMSE_F=    1.12 meV / A
2026-06-10 14:46:59.620 INFO: Epoch 68: head: Default, loss=0.00000130, RMSE_E_per_atom=    0.49 meV, RMSE_F=    1.12 meV / A
2026-06-10 14:50:37.443 INFO: Epoch 69: head: Default, loss=0.00000127, RMSE_E_per_atom=    0.51 meV, RMSE_F=    1.11 meV / A
2026-06-10 14:54:11.387 INFO: Epoch 70: head: Default, loss=0.00000124, RMSE_E_per_atom=    0.51 meV, RMSE_F=    1.10 meV / A
2026-06-10 14:57:49.539 INFO: Epoch 71: head: Default, loss=0.00000120, RMSE_E_per_atom=    0.46 meV, RMSE_F=    1.08 meV / A
2026-06-10 15:01:27.384 INFO: Epoch 72: head: Default, loss=0.00000119, RMSE_E_per_atom=    0.47 meV, RMSE_F=    1.07 meV / A
2026-06-10 15:05:06.381 INFO: Epoch 73: head: Default, loss=0.00000117, RMSE_E_per_atom=    0.44 meV, RMSE_F=    1.06 meV / A
2026-06-10 15:08:42.856 INFO: Epoch 74: head: Default, loss=0.00000117, RMSE_E_per_atom=    0.57 meV, RMSE_F=    1.06 meV / A
2026-06-10 15:12:24.348 INFO: Epoch 75: head: Default, loss=0.00000117, RMSE_E_per_atom=    0.53 meV, RMSE_F=    1.06 meV / A
2026-06-10 15:16:08.677 INFO: Epoch 76: head: Default, loss=0.00000117, RMSE_E_per_atom=    0.52 meV, RMSE_F=    1.06 meV / A
2026-06-10 15:19:40.505 INFO: Epoch 77: head: Default, loss=0.00000113, RMSE_E_per_atom=    0.46 meV, RMSE_F=    1.05 meV / A
2026-06-10 15:23:16.127 INFO: Epoch 78: head: Default, loss=0.00000119, RMSE_E_per_atom=    0.67 meV, RMSE_F=    1.06 meV / A
2026-06-10 15:26:57.674 INFO: Epoch 79: head: Default, loss=0.00000119, RMSE_E_per_atom=    0.47 meV, RMSE_F=    1.07 meV / A
2026-06-10 15:30:37.197 INFO: Epoch 80: head: Default, loss=0.00000119, RMSE_E_per_atom=    0.62 meV, RMSE_F=    1.07 meV / A
2026-06-10 15:34:13.860 INFO: Epoch 81: head: Default, loss=0.00000132, RMSE_E_per_atom=    0.68 meV, RMSE_F=    1.12 meV / A
2026-06-10 15:37:53.148 INFO: Epoch 82: head: Default, loss=0.00000126, RMSE_E_per_atom=    0.55 meV, RMSE_F=    1.11 meV / A
2026-06-10 15:41:31.194 INFO: Epoch 83: head: Default, loss=0.00000124, RMSE_E_per_atom=    0.52 meV, RMSE_F=    1.10 meV / A
2026-06-10 15:45:08.000 INFO: Epoch 84: head: Default, loss=0.00000117, RMSE_E_per_atom=    0.50 meV, RMSE_F=    1.07 meV / A
2026-06-10 15:48:46.502 INFO: Epoch 85: head: Default, loss=0.00000115, RMSE_E_per_atom=    0.53 meV, RMSE_F=    1.06 meV / A
2026-06-10 15:52:21.802 INFO: Epoch 86: head: Default, loss=0.00000111, RMSE_E_per_atom=    0.60 meV, RMSE_F=    1.04 meV / A
2026-06-10 15:55:54.997 INFO: Epoch 87: head: Default, loss=0.00000115, RMSE_E_per_atom=    0.52 meV, RMSE_F=    1.05 meV / A
2026-06-10 15:59:31.398 INFO: Epoch 88: head: Default, loss=0.00000117, RMSE_E_per_atom=    0.59 meV, RMSE_F=    1.06 meV / A
2026-06-10 16:03:07.535 INFO: Epoch 89: head: Default, loss=0.00000115, RMSE_E_per_atom=    0.55 meV, RMSE_F=    1.05 meV / A
2026-06-10 16:06:47.993 INFO: Epoch 90: head: Default, loss=0.00000114, RMSE_E_per_atom=    0.57 meV, RMSE_F=    1.05 meV / A
2026-06-10 16:10:20.798 INFO: Epoch 91: head: Default, loss=0.00000111, RMSE_E_per_atom=    0.56 meV, RMSE_F=    1.03 meV / A
2026-06-10 16:13:51.815 INFO: Epoch 92: head: Default, loss=0.00000106, RMSE_E_per_atom=    0.51 meV, RMSE_F=    1.01 meV / A
2026-06-10 16:17:27.267 INFO: Epoch 93: head: Default, loss=0.00000104, RMSE_E_per_atom=    0.50 meV, RMSE_F=    1.00 meV / A
2026-06-10 16:21:05.088 INFO: Epoch 94: head: Default, loss=0.00000102, RMSE_E_per_atom=    0.50 meV, RMSE_F=    0.99 meV / A
2026-06-10 16:24:41.724 INFO: Epoch 95: head: Default, loss=0.00000100, RMSE_E_per_atom=    0.47 meV, RMSE_F=    0.98 meV / A
2026-06-10 16:28:17.756 INFO: Epoch 96: head: Default, loss=0.00000099, RMSE_E_per_atom=    0.46 meV, RMSE_F=    0.97 meV / A
2026-06-10 16:31:56.446 INFO: Epoch 97: head: Default, loss=0.00000097, RMSE_E_per_atom=    0.44 meV, RMSE_F=    0.97 meV / A
2026-06-10 16:35:30.964 INFO: Epoch 98: head: Default, loss=0.00000096, RMSE_E_per_atom=    0.45 meV, RMSE_F=    0.96 meV / A
2026-06-10 16:39:06.759 INFO: Epoch 99: head: Default, loss=0.00000095, RMSE_E_per_atom=    0.43 meV, RMSE_F=    0.96 meV / A
2026-06-10 16:39:06.812 INFO: Training complete
2026-06-10 16:39:06.813 INFO: 
2026-06-10 16:39:06.813 INFO: ===========RESULTS===========
2026-06-10 16:39:06.813 INFO: Loading checkpoint: ./checkpoints/MACE_run-7_epoch-99.pt
2026-06-10 16:39:07.013 INFO: Loaded Stage one model from epoch 99 for evaluation
2026-06-10 16:39:07.014 INFO: Saving model to checkpoints/MACE_run-7.model
2026-06-10 16:39:07.293 INFO: Compiling model, saving metadata to MACE_compiled.model
2026-06-10 16:39:08.323 INFO: Computing metrics for training, validation, and test sets
2026-06-10 16:39:08.324 INFO: Skipping evaluation for heads: ['pt_head']
2026-06-10 16:39:08.324 INFO: Evaluating train_Default ...
2026-06-10 16:40:04.479 INFO: Evaluating valid_Default ...
2026-06-10 16:40:50.608 INFO: Error-table on TRAIN and VALID:
+---------------+---------------------+------------------+-------------------+
|  config_type  | RMSE E / meV / atom | RMSE F / meV / A | relative F RMSE % |
+---------------+---------------------+------------------+-------------------+
| train_Default |            0.5      |          0.8     |    81691399.31    |
| valid_Default |            0.4      |          1.0     |    95948879.31    |
+---------------+---------------------+------------------+-------------------+
2026-06-10 16:42:41.848 INFO: Done
